-- phpMyAdmin SQL Dump
-- version 4.8.5
-- https://www.phpmyadmin.net/
--
-- Host: localhost
-- Generation Time: May 16, 2025 at 12:17 AM
-- Server version: 5.7.25
-- PHP Version: 7.1.26

SET SQL_MODE = "NO_AUTO_VALUE_ON_ZERO";
SET AUTOCOMMIT = 0;
START TRANSACTION;
SET time_zone = "+00:00";


/*!40101 SET @OLD_CHARACTER_SET_CLIENT=@@CHARACTER_SET_CLIENT */;
/*!40101 SET @OLD_CHARACTER_SET_RESULTS=@@CHARACTER_SET_RESULTS */;
/*!40101 SET @OLD_COLLATION_CONNECTION=@@COLLATION_CONNECTION */;
/*!40101 SET NAMES utf8mb4 */;

--
-- Database: `ecommerce_db`
--
CREATE DATABASE IF NOT EXISTS `ecommerce_db` DEFAULT CHARACTER SET utf8 COLLATE utf8_unicode_ci;
USE `ecommerce_db`;

-- --------------------------------------------------------

--
-- Table structure for table `tbl_donhang`
--

DROP TABLE IF EXISTS `tbl_donhang`;
CREATE TABLE IF NOT EXISTS `tbl_donhang` (
  `MaDH` varchar(10) COLLATE utf8_unicode_ci NOT NULL,
  `User_id` int(10) DEFAULT NULL,
  `NgayDat` datetime NOT NULL,
  `MaSP` varchar(25) COLLATE utf8_unicode_ci DEFAULT NULL,
  `SoLuong` int(11) NOT NULL,
  `TienHang` bigint(20) NOT NULL,
  `BaoHiem` tinyint(1) NOT NULL DEFAULT '1',
  `MaShip` int(10) NOT NULL,
  `CodeKM` varchar(10) COLLATE utf8_unicode_ci DEFAULT NULL,
  `ThanhTien` bigint(20) NOT NULL,
  `TrangThai` enum('Đang xử lý','Đang giao','Đã nhận') COLLATE utf8_unicode_ci NOT NULL DEFAULT 'Đang xử lý',
  `TraGop` int(1) NOT NULL DEFAULT '0',
  `SoTienDaTT` bigint(20) NOT NULL DEFAULT '0',
  `GhiChu` varchar(500) COLLATE utf8_unicode_ci DEFAULT NULL,
  PRIMARY KEY (`MaDH`),
  UNIQUE KEY `MaDH` (`MaDH`),
  KEY `FK_DONHANG_SHIP` (`MaShip`),
  KEY `FK_DONHANG_KHACHHANG` (`User_id`),
  KEY `FK_DONHANG_KHUYENMAI` (`CodeKM`),
  KEY `FK_DONHANG_SANPHAM` (`MaSP`)
) ENGINE=InnoDB DEFAULT CHARSET=utf8 COLLATE=utf8_unicode_ci;

--
-- RELATIONSHIPS FOR TABLE `tbl_donhang`:
--   `User_id`
--       `tbl_nguoidung` -> `ID`
--   `CodeKM`
--       `tbl_phieukhuyenmai` -> `Code`
--   `MaSP`
--       `tbl_sanpham` -> `MaSP`
--   `MaShip`
--       `tbl_shipping` -> `MaShip`
--

--
-- Dumping data for table `tbl_donhang`
--

INSERT INTO `tbl_donhang` (`MaDH`, `User_id`, `NgayDat`, `MaSP`, `SoLuong`, `TienHang`, `BaoHiem`, `MaShip`, `CodeKM`, `ThanhTien`, `TrangThai`, `TraGop`, `SoTienDaTT`, `GhiChu`) VALUES
('75p9KseGZM', 4, '2025-05-13 13:18:33', 'LEXARM.2256GB', 1, 799000, 1, 3, NULL, 938900, 'Đang giao', 0, 0, '<b>Họ tên:</b> Nguyễn Văn Test<br/><b>Giới tính:</b> Nam<br/><b>SDT:</b> 0944000000<br/><b>Địa chỉ:</b> An Giang<br/><b>Ngày đặt: </b>13:18:33 13/05/2025</br><b>Ngày nhận dự kiến: </>13:18:33 15/05/2025</br><b>Tổng tiền hàng: </b>1 x 799,000 = 799,000<br/><b>Tổng tiền ship: </b>50,000 &plus; 10,000 * 1 = 60,000<br/><b>Tiền bảo hiểm: </b>79,900<br/><b>Số tiền được giảm: </b>0<br/><b>Phụ phí trả góp 5%(nếu có): </b>0<br/><b>Thành tiền:</b> 938,900'),
('8fZAQFbEJ6', 4, '2025-05-13 13:18:47', 'AsusZenbook14', 1, 26091000, 1, 3, 'TEST', 28260100, 'Đang xử lý', 0, 0, '<b>Họ tên:</b> Nguyễn Văn Test<br/><b>Giới tính:</b> Nam<br/><b>SDT:</b> 0944000000<br/><b>Địa chỉ:</b> An Giang<br/><b>Ngày đặt: </b>13:18:47 13/05/2025</br><b>Ngày nhận dự kiến: </>13:18:47 15/05/2025</br><b>Tổng tiền hàng: </b>1 x 26,091,000 = 26,091,000<br/><b>Tổng tiền ship: </b>50,000 &plus; 10,000 * 1 = 60,000<br/><b>Tiền bảo hiểm: </b>2,609,100<br/><b>Số tiền được giảm: </b>500,000<br/><b>Phụ phí trả góp 5%(nếu có): </b>0<br/><b>Thành tiền:</b> 28,260,100'),
('Ic80M6vrQa', 4, '2025-05-13 14:41:39', 'AsusZenbook14', 1, 26091000, 1, 1, NULL, 28730100, 'Đang xử lý', 0, 0, '<b>Họ tên:</b> Nguyễn Văn Test<br/><b>Giới tính:</b> Nam<br/><b>SDT:</b> 0944000000<br/><b>Địa chỉ:</b> An Giang<br/><b>Ngày đặt: </b>14:41:39 13/05/2025</br><b>Ngày nhận dự kiến: </>14:41:39 20/05/2025</br><b>Tổng tiền hàng: </b>1 x 26,091,000 = 26,091,000<br/><b>Tổng tiền ship: </b>30,000 &plus; 0 * 1 = 30,000<br/><b>Tiền bảo hiểm: </b>2,609,100<br/><b>Số tiền được giảm: </b>0<br/><b>Phụ phí trả góp 5%(nếu có): </b>0<br/><b>Thành tiền:</b> 28,730,100'),
('iqBchqH0yx', 4, '2025-05-13 13:16:49', 'MSICyborg14', 2, 45742400, 0, 3, 'TEST', 47599520, 'Đang xử lý', 1, 10000000, '<b>Họ tên:</b> Nguyễn Văn Test<br/><b>Giới tính:</b> Nam<br/><b>SDT:</b> 0944000000<br/><b>Địa chỉ:</b> An Giang<br/><b>Ngày đặt: </b>13:16:49 13/05/2025</br><b>Ngày nhận dự kiến: </>13:16:49 15/05/2025</br><b>Tổng tiền hàng: </b>2 x 22,871,200 = 45,742,400<br/><b>Tổng tiền ship: </b>50,000 &plus; 10,000 * 2 = 70,000<br/><b>Tiền bảo hiểm: </b>0<br/><b>Số tiền được giảm: </b>500,000<br/><b>Phụ phí trả góp 5%(nếu có): </b>2,287,120<br/><b>Thành tiền:</b> 47,599,520'),
('NkBWtdrUFn', 4, '2025-05-13 13:18:08', ' AsusTUFGaming', 1, 27891000, 1, 3, NULL, 32134650, 'Đã nhận', 1, 32134650, '<b>Họ tên:</b> Nguyễn Văn Test<br/><b>Giới tính:</b> Nam<br/><b>SDT:</b> 0944000000<br/><b>Địa chỉ:</b> An Giang<br/><b>Ngày đặt: </b>13:18:08 13/05/2025</br><b>Ngày nhận dự kiến: </>13:18:08 15/05/2025</br><b>Tổng tiền hàng: </b>1 x 27,891,000 = 27,891,000<br/><b>Tổng tiền ship: </b>50,000 &plus; 10,000 * 1 = 60,000<br/><b>Tiền bảo hiểm: </b>2,789,100<br/><b>Số tiền được giảm: </b>0<br/><b>Phụ phí trả góp 5%(nếu có): </b>1,394,550<br/><b>Thành tiền:</b> 32,134,650');

-- --------------------------------------------------------

--
-- Table structure for table `tbl_giohang`
--

DROP TABLE IF EXISTS `tbl_giohang`;
CREATE TABLE IF NOT EXISTS `tbl_giohang` (
  `ID` int(10) NOT NULL AUTO_INCREMENT,
  `User_id` int(10) NOT NULL,
  `MaSP` varchar(20) COLLATE utf8_unicode_ci DEFAULT NULL,
  PRIMARY KEY (`ID`),
  KEY `FK_GIOHANG_NGUOIDUNG` (`User_id`),
  KEY `FK_GIOHANG_SANPHAM` (`MaSP`)
) ENGINE=InnoDB AUTO_INCREMENT=7 DEFAULT CHARSET=utf8 COLLATE=utf8_unicode_ci;

--
-- RELATIONSHIPS FOR TABLE `tbl_giohang`:
--   `User_id`
--       `tbl_nguoidung` -> `ID`
--   `MaSP`
--       `tbl_sanpham` -> `MaSP`
--

--
-- Dumping data for table `tbl_giohang`
--

INSERT INTO `tbl_giohang` (`ID`, `User_id`, `MaSP`) VALUES
(2, 4, 'AsusZenbook14'),
(3, 4, 'LEXARM.2256GB'),
(4, 4, ' AsusTUFGaming'),
(5, 4, 'AcerAspire3');

-- --------------------------------------------------------

--
-- Table structure for table `tbl_loaisanpham`
--

DROP TABLE IF EXISTS `tbl_loaisanpham`;
CREATE TABLE IF NOT EXISTS `tbl_loaisanpham` (
  `MaLoai` int(10) NOT NULL AUTO_INCREMENT,
  `TenLoai` varchar(30) COLLATE utf8_unicode_ci NOT NULL,
  `TenHienThi` varchar(20) COLLATE utf8_unicode_ci NOT NULL,
  PRIMARY KEY (`MaLoai`)
) ENGINE=InnoDB AUTO_INCREMENT=6 DEFAULT CHARSET=utf8 COLLATE=utf8_unicode_ci;

--
-- RELATIONSHIPS FOR TABLE `tbl_loaisanpham`:
--

--
-- Dumping data for table `tbl_loaisanpham`
--

INSERT INTO `tbl_loaisanpham` (`MaLoai`, `TenLoai`, `TenHienThi`) VALUES
(1, 'Laptop', 'Laptop'),
(2, 'DienThoai', 'Điện thoại'),
(3, 'LinhKien', 'Linh kiện điện tử'),
(4, 'MayIn', 'Máy in'),
(5, 'ThietBiNgoaiVi', 'Thiết bị ngoại vi');

-- --------------------------------------------------------

--
-- Table structure for table `tbl_nguoidung`
--

DROP TABLE IF EXISTS `tbl_nguoidung`;
CREATE TABLE IF NOT EXISTS `tbl_nguoidung` (
  `ID` int(10) NOT NULL AUTO_INCREMENT,
  `HoTen` varchar(50) COLLATE utf8_unicode_ci NOT NULL,
  `TenDangNhap` varchar(50) COLLATE utf8_unicode_ci NOT NULL,
  `MatKhau` varchar(100) COLLATE utf8_unicode_ci NOT NULL,
  `QuyenHan` tinyint(4) NOT NULL,
  `Blocked` tinyint(1) NOT NULL DEFAULT '0',
  `NamSinh` year(4) DEFAULT NULL,
  `GioiTinh` tinyint(1) DEFAULT NULL,
  `SDT` varchar(10) COLLATE utf8_unicode_ci DEFAULT NULL,
  `Email` varchar(100) COLLATE utf8_unicode_ci DEFAULT NULL,
  `DiaChi` varchar(255) COLLATE utf8_unicode_ci DEFAULT NULL,
  PRIMARY KEY (`ID`),
  UNIQUE KEY `TenDangNhap` (`TenDangNhap`)
) ENGINE=InnoDB AUTO_INCREMENT=8 DEFAULT CHARSET=utf8 COLLATE=utf8_unicode_ci;

--
-- RELATIONSHIPS FOR TABLE `tbl_nguoidung`:
--

--
-- Dumping data for table `tbl_nguoidung`
--

INSERT INTO `tbl_nguoidung` (`ID`, `HoTen`, `TenDangNhap`, `MatKhau`, `QuyenHan`, `Blocked`, `NamSinh`, `GioiTinh`, `SDT`, `Email`, `DiaChi`) VALUES
(4, 'Nguyễn Văn Test', 'test', 'cc03e747a6afbbcbf8be7668acfebee5', 2, 0, 2004, 0, '0944000000', 'test@gmail.com', 'An Giang'),
(5, 'Nhân Văn Viên', 'nhanvien', '2a2fa4fe2fa737f129ef2d127b861b7e', 1, 0, 2004, 1, '0000000000', 'nv@gmail.com', 'An Giang'),
(6, 'Quản lý', 'quanly', '76ce09fc04225228897e61087b1172a8', 0, 0, 2004, 0, '0111111111', 'quanly@gmail.com', 'An Giang');

-- --------------------------------------------------------

--
-- Table structure for table `tbl_phieukhuyenmai`
--

DROP TABLE IF EXISTS `tbl_phieukhuyenmai`;
CREATE TABLE IF NOT EXISTS `tbl_phieukhuyenmai` (
  `Code` varchar(10) COLLATE utf8_unicode_ci NOT NULL,
  `NgayTao` date NOT NULL,
  `MucGiam` int(2) NOT NULL,
  `ToiDa` int(11) NOT NULL,
  `ApDungToiThieu` int(11) NOT NULL,
  `GioiHanSuDung` int(11) DEFAULT NULL,
  `SoLanSuDung` int(11) DEFAULT NULL,
  PRIMARY KEY (`Code`),
  UNIQUE KEY `Code` (`Code`)
) ENGINE=InnoDB DEFAULT CHARSET=utf8 COLLATE=utf8_unicode_ci;

--
-- RELATIONSHIPS FOR TABLE `tbl_phieukhuyenmai`:
--

--
-- Dumping data for table `tbl_phieukhuyenmai`
--

INSERT INTO `tbl_phieukhuyenmai` (`Code`, `NgayTao`, `MucGiam`, `ToiDa`, `ApDungToiThieu`, `GioiHanSuDung`, `SoLanSuDung`) VALUES
('CODE', '2025-05-13', 10, 1000000, 3000000, 2, 1),
('TEST', '2025-05-12', 10, 500000, 2000000, 100, 6);

-- --------------------------------------------------------

--
-- Table structure for table `tbl_sanpham`
--

DROP TABLE IF EXISTS `tbl_sanpham`;
CREATE TABLE IF NOT EXISTS `tbl_sanpham` (
  `MaSP` varchar(25) COLLATE utf8_unicode_ci NOT NULL,
  `MaLoai` int(10) NOT NULL,
  `MaTH` int(10) DEFAULT NULL,
  `TenSanPham` varchar(50) COLLATE utf8_unicode_ci NOT NULL,
  `GiaGoc` int(11) NOT NULL,
  `TiLeGiam` int(2) NOT NULL DEFAULT '0',
  `TonKho` int(11) NOT NULL,
  `HinhAnh` varchar(255) COLLATE utf8_unicode_ci NOT NULL DEFAULT 'no_image.png',
  `TinhTrang` enum('Còn hàng','Hết hàng') COLLATE utf8_unicode_ci NOT NULL,
  `XuatXu` varchar(30) COLLATE utf8_unicode_ci NOT NULL,
  `MoTa` varchar(4500) COLLATE utf8_unicode_ci DEFAULT NULL,
  `LuotXem` int(11) NOT NULL,
  `LuotMua` int(11) NOT NULL,
  PRIMARY KEY (`MaSP`),
  UNIQUE KEY `TenSanPham` (`TenSanPham`),
  KEY `FK_SANPHAM_LOAISP` (`MaLoai`),
  KEY `FK_SANPHAM_THUONGHIEU` (`MaTH`)
) ENGINE=InnoDB DEFAULT CHARSET=utf8 COLLATE=utf8_unicode_ci;

--
-- RELATIONSHIPS FOR TABLE `tbl_sanpham`:
--   `MaLoai`
--       `tbl_loaisanpham` -> `MaLoai`
--   `MaTH`
--       `tbl_thuonghieu` -> `MaTH`
--

--
-- Dumping data for table `tbl_sanpham`
--

INSERT INTO `tbl_sanpham` (`MaSP`, `MaLoai`, `MaTH`, `TenSanPham`, `GiaGoc`, `TiLeGiam`, `TonKho`, `HinhAnh`, `TinhTrang`, `XuatXu`, `MoTa`, `LuotXem`, `LuotMua`) VALUES
(' AsusTUFGaming', 1, 2, 'Asus TUF Gaming F16 FX607JU-N3139W', 30990000, 10, 197, 'Asus_TUF_Gaming_F16_FX607JU-N3139W.jpg', 'Còn hàng', 'Trung Quốc', 'Sở hữu thiết kế bền bỉ chuẩn quân đội, hiệu năng mạnh mẽ vượt trội và loạt công nghệ tiên tiến, Asus TUF Gaming F16 FX607JU-N3139W chính là lựa chọn hoàn hảo cho game thủ và những ai cần một cỗ máy mạnh mẽ để phục vụ công việc đồ họa. Chip xử lý Intel Core i7-13650HX cùng card đồ họa NVIDIA GeForce RTX 4050 sẵn sàng đưa trải nghiệm gaming và sáng tạo nội dung lên một tầm cao mới.\r\n\r\nLà một trong những mẫu laptop gaming mạnh mẽ nhất trong phân khúc, Asus TUF Gaming F16 FX607JU-N3139W sở hữu vi xử lý Intel Core i7-13650HX, mang đến 14 nhân 20 luồng cùng xung nhịp tối đa 4.9GHz nhờ công nghệ Turbo Boost. Với sức mạnh này, máy dễ dàng xử lý mượt mà mọi tác vụ đa nhiệm, từ làm việc văn phòng, chỉnh sửa video đến chơi game AAA ở thiết lập cao.\r\n\r\nNgoài CPU, RTX 4050 với kiến trúc Ada Lovelace của NVIDIA còn giúp tăng cường hiệu suất đồ họa vượt trội. Được trang bị công nghệ Ray Tracing thế hệ mới, laptop tái hiện hình ảnh chân thực với ánh sáng và bóng đổ tự nhiên. Công nghệ AI-enhanced graphics với DLSS 3.0 cũng giúp tăng tốc độ khung hình, mang lại trải nghiệm game mượt mà hơn bao giờ hết.\r\n\r\nĐiểm đặc biệt khó lòng bỏ qua của Asus TUF Gaming F16 FX607JU-N3139W nằm ở khả năng tản nhiệt thông minh. Máy được trang bị hệ thống Arc Flow với 84 cánh quạt, đi kèm 5 ống dẫn nhiệt và 4 lỗ thông hơi, giúp thoát nhiệt nhanh chóng mà không gây tiếng ồn lớn. Nhờ đó, laptop luôn duy trì mức nhiệt độ tối ưu, hoạt động êm ái và bền bỉ ngay cả khi xử lý tác vụ nặng.\r\n\r\nCông nghệ Dust Filter chống bụi cũng được tích hợp để kéo dài tuổi thọ linh kiện và đảm bảo máy luôn vận hành ổn định trong suốt thời gian dài. Dù chơi game liên tục hay làm việc với các phần mềm nặng, bạn vẫn có thể yên tâm về khả năng làm mát của chiếc laptop này.\r\n\r\nĐể tối ưu khả năng đa nhiệm, Asus trang bị cho TUF Gaming F16 16GB RAM DDR5-4800, mang đến tốc độ xử lý cực nhanh và hiệu suất ổn định. Công nghệ DDR5 thế hệ mới giúp tăng băng thông bộ nhớ lên hơn 50% so với thế hệ DDR4, giúp bạn chạy nhiều ứng dụng cùng lúc mà không lo giật lag.\r\n\r\nĐặc biệt, chiếc laptop này đạt chuẩn độ bền quân đội MIL-STD-810H sau khi trải qua hàng loạt bài kiểm tra nghiêm ngặt về chống sốc, chịu rung lắc, hoạt động ở môi trường nhiệt độ khắc nghiệt. Đây là một trong số ít laptop gaming có thể đáp ứng nhu cầu sử dụng bền bỉ và di động cho game thủ và người làm việc chuyên nghiệp. Với trọng lượng chỉ 2.27kg, Asus TUF Gaming F16 có thể dễ dàng mang theo trong balo để chơi game hoặc làm việc ở bất cứ đâu.\r\n\r\nĐiểm nhấn của màn hình này chính là tần số quét 165Hz giúp hình ảnh mượt mà, hạn chế xé hình khi chơi game tốc độ cao. Với độ sáng 300 nits, bạn hoàn toàn có thể sử dụng laptop Asus trong nhiều môi trường ánh sáng khác nhau mà không gặp khó khăn.\r\n\r\nNhờ sở hữu viên pin 90Wh, Asus TUF Gaming F16 cung cấp thời lượng sử dụng hết sức dài lâu. Khi chiến game hoặc xử lý công việc nặng, pin có thể kéo dài nhiều giờ trước khi cần sạc lại. Ngoài ra, máy cũng hỗ trợ công nghệ sạc nhanh, giúp sạc 50% chỉ trong 30 phút, đảm bảo không gián đoạn công việc hoặc giải trí.\r\n\r\nVề kết nối, chiếc laptop gaming từ Asus được trang bị USB-C, USB 3.2, HDMI 2.1, giúp bạn kết nối dễ dàng với màn hình rời, phụ kiện gaming và nhiều thiết bị khác.', 17, 3),
(' OPPOFindN55G', 2, 9, ' OPPO Find N5 5G', 44990000, 0, 200, 'Oppo_Find_N5_5G.jpg', 'Còn hàng', 'Trung Quốc', ' OPPO Find N5 đánh dấu bước tiến đột phá trong dòng smartphone gập, trở thành thiết bị mỏng nhẹ nhất hiện nay. Kết hợp với đó là sức mạnh hàng đầu từ vi xử lý Snapdragon 8 Elite và viên pin silicon dung lượng siêu lớn 5.600mAh, mang đến hiệu suất vượt trội và thời gian sử dụng bền bỉ. Với thiết kế tinh tế, màn hình gập tiên tiến và công nghệ tối tân, OPPO Find N5 xứng đáng dẫn đầu xu hướng smartphone gập thế hệ mới.\r\n\r\n OPPO Find N5 sẽ khiến bạn bất ngờ khi trên tay bởi độ siêu mỏng ấn tượng. Với thiết kế tinh gọn, khi mở ra, máy chỉ dày 4,21mm và khi gập lại đạt 8,93mm, trở thành một trong những smartphone gập mỏng nhất hiện nay. Nhờ vậy, điện thoại dễ dàng nằm gọn trong lòng bàn tay cho trải nghiệm cầm nắm thoải mái và chắc chắn.\r\n\r\nOPPO Find N5 được nghiên cứu kỹ lưỡng nhằm mang đến trải nghiệm sử dụng smartphone gập thuận tiện nhất có thể. Màn hình ngoài được nâng cấp đáng kể, từ 6.4 inch trên thế hệ trước lên 6.62 inch, với tỷ lệ 20.7:9, tương tự các điện thoại thanh truyền thống. Nhờ vậy, người dùng thao tác dễ dàng hơn, không còn cảm giác bị bó hẹp khi sử dụng màn hình ngoài. Bạn có thể thoải mái thao tác bằng một tay, gõ bàn phím hay nhắn tin, giải trí xem video, lướt mạng xã hội hay chơi game nhẹ một cách thoải mái mà không cần mở màn hình chính.\r\n\r\nTấm nền LTPO cao cấp hỗ trợ tần số quét thích ứng từ 1-120Hz, độ phân giải 1.140 x 2.616 pixel, độ sáng tối đa 2.450 nit và hỗ trợ HDR10+ cho hình ảnh sắc nét, mượt mà ngay cả trong điều kiện ánh sáng mạnh.\r\n\r\nTrên OPPO Find N5, bạn có thể thoải mái đa nhiệm, sử dụng nhiều ứng dụng cùng lúc trên màn hình chính 8.12 inch rộng rãi tương tự một chiếc tablet mini. Người dùng dễ dàng vừa check mail, vừa trả lời tin nhắn, ghi chú thông tin, duyệt tài liệu hoặc xem video, tất cả diễn ra mượt mà trên cùng một không gian hiển thị.\r\n\r\n OPPO Find N5 nâng tầm độ bền với ba chuẩn kháng nước cao nhất: IPX6, IPX8 và IPX9. Dù là những tia nước bắn vô tình, rơi vào nước, hay thậm chí tiếp xúc với dòng nước áp lực cao, thiết bị vẫn hoạt động ổn định, giúp bạn an tâm trong mọi tình huống.\r\n\r\n Mặc dù sở hữu thiết kế mỏng gọn, OPPO Find N5 vẫn có thời lượng pin bền bỉ suốt cả ngày dài nhờ viên pin Silicon-carbon 5.600mAh. Công nghệ này giúp tăng mật độ năng lượng mà không làm tăng kích thước thiết bị, mang lại hiệu suất ổn định và khả năng sử dụng kéo dài. Theo đó, hàm lượng Silicon trong pin được nâng lên 10%, giúp tối ưu dung lượng mà không ảnh hưởng đến độ mỏng của thân máy, với mức tăng dung lượng 16,7% so với thế hệ trước.\r\n\r\n OPPO Find N5 đáp ứng mọi nhu cầu người dùng từ xử lý công việc, đa nhiệm đến gaming, với sức mạnh Snapdragon 8 Elite tiến trình 3nm tiên tiến. Theo đó, bộ vi xử lý này giúp tăng 45% hiệu quả AI, hỗ trợ xử lý thông minh và tối ưu hóa hệ thống nhanh chóng. Đồng thời, CPU nhanh hơn 45% và GPU nhanh hơn 40%, cho phép máy vận hành mượt mà và hiển thị đồ họa ấn tượng khi chơi game hay xem video.\r\n\r\n OPPO Find N5 tiếp tục hợp tác với Hasselblad để mang đến trải nghiệm nhiếp ảnh đỉnh cao, với hệ thống camera gồm camera chính 50MP hỗ trợ OIS, camera tele 50MP và camera góc siêu rộng 12MP, giúp ghi lại mọi khoảnh khắc với độ chi tiết chân thực và màu sắc sống động. Trong đó, camera chính nhờ thuật toán AI tiên tiến, thiết bị có thể chụp nhanh với tốc độ tối đa 7 khung hình mỗi giây, lên đến 50 khung hình mỗi lần chạm và 200 khung hình liên tục để bạn không bỏ lỡ bất kỳ khoảnh khắc nào. Camera tele 50MP hỗ trợ zoom quang 3x và AI Zoom 30x, mang lại khả năng phóng to rõ nét, ghi lại chi tiết từ thác nước, phong cảnh, sự kiện đến động vật hoang dã với độ chính xác cao. Ngoài ra, Macro Telephoto cho phép chụp cận cảnh đến 10cm, lý tưởng để ghi lại các chi tiết siêu cận. Chế độ chân dung chuyên nghiệp Hasselblad tái tạo hiệu ứng bokeh đẹp mắt, giúp tạo ra những bức chân dung nghệ thuật với chủ thể sắc nét và hậu cảnh mờ tự nhiên như máy ảnh DSLR.', 1, 0),
(' SamsungGalaxyZFold65G', 2, 8, 'Samsung Galaxy Z Fold6 5G', 43990000, 18, 200, 'Samsung_Galaxy_Z_Fold6.jpg', 'Còn hàng', 'Trung Quốc', ' Samsung Galaxy Z Fold6 đánh dấu một chuẩn mực mới trong thế giới điện thoại gập. Với thiết kế siêu mỏng nhẹ và hiệu năng vượt trội, Z Fold 6 mang đến sự kết hợp hoàn hảo giữa công nghệ tiên tiến và vẻ ngoài thời thượng. Đây không chỉ là một chiếc điện thoại, mà còn là minh chứng cho những đột phá công nghệ của Samsung, tạo nên trải nghiệm gập đẳng cấp mà bạn khó có thể tìm thấy ở bất kỳ thiết bị nào khác.\r\n\r\n Samsung Z Fold 6 sở hữu thiết kế sang trọng với các đường nét vuông vức. Kế thừa phần khung vuông mạnh mẽ từ dòng S24, thiết bị mang đến vẻ ngoài sang trọng và đẳng cấp. Khung máy vuông vắn cũng giúp máy gập lại liền lạc, giảm thiểu khe hở, mang lại vẻ ngoài hoàn hảo.\r\n\r\n Độ mỏng ấn tượng kết hợp các chi tiết hoàn thiện sắc sảo mang đến trải nghiệm cầm nắm thoải mái và dễ chịu ngay cả khi sử dụng trong thời gian dài. Với trọng lượng chỉ 239g, độ dày 12.1mm khi gập và 5.6mm khi mở, Fold6 là chiếc điện thoại gập mỏng nhẹ nhất từ trước đến nay của Samsung.\r\n\r\nMàn hình phụ trên Samsung Z Fold 6 là một điểm nâng cấp lớn với viền siêu mỏng và các cạnh vuông vức, mang đến vẻ ngoài hiện đại và tinh tế. Kích thước màn hình cũng lớn hơn một chút, đạt 6.3 inch. Tỷ lệ màn hình được điều chỉnh từ 23.1:9 xuống còn 22.1:9, tạo cảm giác cân đối hơn. Màn hình sử dụng tấm nền Dynamic AMOLED 2X, mang lại độ chi tiết và sắc nét vượt trội, cùng với khả năng thay đổi tần số quét từ 1-120 Hz. Đặc biệt, độ sáng màn hình đã được nâng cấp đáng kể từ 1750 nits lên 2600 nits, giúp bạn dễ dàng sử dụng trong mọi điều kiện ánh sáng. \r\n\r\n Màn hình trong của Samsung Z Fold6 giữ nguyên kích thước 7.6 inch và tấm nền Dynamic AMOLED 2X với độ phân giải 2176 x 1812. Khả năng điều chỉnh tần số quét từ 1-120 Hz giúp tối ưu hóa trải nghiệm làm việc, học tập và giải trí, mang lại sự mượt mà và linh hoạt .\r\n\r\n Hệ thống camera của Galaxy Z Fold5 đã rất nổi bật trên thị trường và được nhiều người dùng lẫn giới công nghệ đánh giá cao. Chính vì thế Galaxy Z Fold6 cũng sẽ được giữ nguyên hệ thống nhiếp ảnh với trọn bộ cảm biến cao cấp là camera chính 50MP, camera góc siêu rộng 12MP và camera tele 10MP, hỗ trợ zoom quang 3x. Đi kèm đó là camera selfie 12MP ở phần màn hình phụ và camera 10MP đặt ẩn dưới màn hình chính. Các camera này gần như ngang với các thế hệ Galaxy S chính vì thế người dùng không lắng lo khả năng chụp đa dạng góc ảnh cũng như quay video mượt mà và chất lượng cao. \r\n\r\n Hiệu năng của Galaxy Z Fold6 đã được nâng cấp mạnh mẽ với chip Snapdragon 8 Gen 3 for Galaxy, tương tự như trên Galaxy S24 Ultra. Sự cải tiến này giúp tăng 14% hiệu suất CPU, 25% hiệu suất GPU và 41% hiệu suất NPU, cho phép xử lý mượt mà từ các tác vụ đơn giản đến phức tạp, đồng thời hỗ trợ tốt hơn cho các tính năng AI. \r\n\r\n Samsung Z Fold6 đi kèm với 12GB RAM và các tùy chọn lưu trữ 256GB, 512GB và 1TB. Dù viên pin vẫn giữ dung lượng 4.400mAh như Galaxy Z Fold5, nhưng nhờ khả năng tiết kiệm năng lượng của chip Snapdragon 8 Gen 3 for Galaxy, thời gian sử dụng được cải thiện đáng kể. Thiết bị còn hỗ trợ sạc nhanh 25W và sạc nhanh không dây 15W, giúp bạn nhanh chóng nạp đầy năng lượng và duy trì hoạt động suốt cả ngày.\r\n\r\nViên pin 4.400mAh của Galaxy Z Fold6 cung cấp năng lượng suốt cả ngày dài. Mặc dù dung lượng pin không thay đổi so với Galaxy Z Fold5, nhưng thời gian sử dụng đã được cải thiện đáng kể nhờ khả năng tiết kiệm năng lượng của chipset Snapdragon 8 Gen 3 for Galaxy. Thiết bị cũng hỗ trợ sạc nhanh 25W và sạc nhanh không dây 15W, đảm bảo bạn luôn có đủ năng lượng để sử dụng liên tục mà không lo gián đoạn.', 0, 0),
('AcerAspire3', 1, 1, 'Acer Aspire 3', 14990000, 20, 0, 'Acer_Aspire_3.jpg', 'Hết hàng', 'Trung Quốc', 'Acer Aspire 3 A315-44P-R5QG là chiếc laptop mỏng nhẹ đa năng cho học sinh, sinh viên, nhân viên văn phòng. Sở hữu bộ vi xử lý AMD Ryzen 7 cực mạnh đi cùng dung lượng RAM lên tới 16GB, Aspire 3 A315 cho bạn làm việc mượt mà và năng suất hơn.\r\n\r\nHiệu suất xứng tầm laptop cao cấp với CPU AMD Ryzen 7\r\nAcer Aspire 3 A315-44P-R5QG có hiệu năng mạnh mẽ vượt trội so với các đối thủ cùng tầm giá khi mang trên mình AMD Ryzen 7 5700U, con chip đầu bảng của thế hệ AMD Ryzen 5000 series. Sở hữu tới 8 nhân 16 luồng, tốc độ tối đa 4.3GHz và tích hợp GPU đồ họa 8 nhân, Acer Aspire 3 A315-44P-R5QG không “ngán” bất cứ ứng dụng nào, kể cả những phần mềm nặng, đồ họa, chỉnh sửa video hay thậm chí là cả chơi game eSports. Tiến trình TSMC 7nm FinFET tiên tiến nhất hiện nay giúp laptop tỏa nhiệt ít, tiết kiệm pin, sử dụng năng lượng hiệu quả để luôn có được sức mạnh hiệu năng tối ưu trong suốt quá trình sử dụng.\r\n\r\nAcer Aspire 3 A315-44P-R5QG là chiếc laptop có sẵn ổ cứng và RAM đều dung lượng lớn, mang đến không gian làm việc thoải mái. Ổ SSD M.2 512GB có mặt trên laptop Acer Aspire 3 A315-44P-R5QG sẽ giúp bạn được tận hưởng tốc độ khởi động máy nhanh trong chớp mắt. Ngoài ra các thao tác khác như mở ứng dụng, tắt máy, sao chép di chuyển dữ liệu cũng diễn ra cực nhanh. Aspire A315 trang bị sẵn tới 16GB RAM, thoải mái cho công việc thường ngày của bạn. Bạn có thể chạy đa nhiệm nhiều ứng dụng cùng lúc, duyệt web nhiều tab mà laptop Acer Aspire vẫn chạy trơn tru, nâng cao năng suất làm việc.', 60, 200),
('AcerAspire7', 1, 1, 'Acer Aspire 7', 22990000, 19, 199, 'Acer_Aspire_7.jpg', 'Còn hàng', 'Trung Quốc', 'Sức mạnh đột phá từ bộ vi xử lý Intel Gen 12 dòng H và card đồ họa RTX 3050 được tích hợp trong một thân máy mỏng nhẹ, thích hợp cho cả môi trường học tập lẫn công sở, Acer Aspire 7 Gaming A715-76G-5806 là chiếc laptop dành cho nhiều nhu cầu khác nhau, là một sản phẩm chơi game nhưng ngoại hình không gây quá nhiều chú ý.\r\n\r\nXử lý đồ họa, chơi game AAA cực đỉnh với RTX 3050\r\nDòng card đồ họa mới RTX 30 series được các game thủ và nhà sáng tạo nội dung đánh giá rất cao vì cả hiệu suất và các tính năng AI. Acer Aspire 7 Gaming A715-76G-55T6 mang trên mình GPU NVIDIA GeForce RTX 3050, card đồ họa sử dụng kiến trúc Ampere – kiến trúc RTX thế hệ thứ 2 của NVIDIA. Bạn sẽ được tận hưởng những công nghệ hàng đầu như nhân RT mới, nhân Tensor mới và các tính năng AI tiên tiến. Kết quả là những tựa game sẽ được tái hiện với chất lượng hình ảnh tuyệt vời tựa như những bộ phim điện ảnh bom tấn, thông số fps mượt mà. Dù bạn là game thủ hay người sáng tạo nội dung, RTX 30 series cũng luôn mang lại hiệu suất tối ưu.\r\n\r\nCấu hình xuất sắc cho chơi game và làm việc\r\nAcer Aspire 7 Gaming A715-76G-55T6 có cấu hình vượt trội so với các đối thủ cùng phân khúc với CPU và GPU cực mạnh. Laptop trang bị con chip Intel Core i5 12450H thuộc thế hệ Intel thứ 12, dòng H hiệu năng cao, với 8 nhân 12 luồng, tốc độ tối đa 4.40 GHz hết sức mạnh mẽ, đủ khả năng để đáp ứng mọi nhu cầu từ chơi game Online/Esports cho tới học tập, làm việc, lập trình, kỹ thuật, chỉnh sửa ảnh, video, … Tất cả các tác vụ đều được hoàn thành một cách nhanh chóng.', 7, 1),
('AcerLite15', 1, 1, 'Acer Aspire Lite 15', 13990000, 7, 199, 'Acer_Aspire_Lite_15.jpg', 'Còn hàng', 'Trung Quốc', 'Phát huy những giá trị làm nên tên tuổi của dòng Aspire Lite, phiên bản Acer Aspire Lite 15 AL15-41P-R3U5 trở thành lựa chọn hàng đầu trong tầm giá dưới 15 triệu đồng. Sản phẩm sở hữu thiết kế mỏng nhẹ thanh lịch, màn hình Full HD sắc nét, hiệu năng mạnh mẽ nhờ chip Ryzen 7 5700U, RAM 16GB, SSD 512GB và hệ thống cổng kết nối phong phú. \r\n\r\nNgôn ngữ thiết kế thanh lịch pha lẫn vẻ hiện đại của Acer Aspire Lite 15 AL15-41P-R3U5 được xây dựng bởi các đường nét tinh tế cùng màu Bạc lịch thiệp. Viền màn hình được làm mỏng tối đa, giúp kích cỡ tổng thể sản phẩm được gọn gàng, linh hoạt.\r\n\r\nVới trọng lượng chỉ 1,7kg cùng độ mỏng 18.95mm, Acer Aspire Lite 15 là một trong những mẫu laptop 15,6 inch nhẹ nhất thị trường hiện tại. Đây là lợi thế cho phép người dùng dễ dàng mang máy theo bên mình mà không cảm thấy cồng kềnh, phù hợp với những ai thường xuyên di chuyển để làm việc hoặc học tập.\r\n\r\nChiếc laptop sở hữu màn hình 15,6 inch độ phân giải Full HD (1920x1080 pixels), cung cấp chất lượng hiển thị sắc sảo với màu sắc trung thực. Ba cạnh viền bao quanh siêu mỏng tạo hiệu ứng thị giác tràn viền, mở rộng tầm nhìn, giúp bạn làm việc hiệu quả hơn và có được trải nghiệm giải trí sống động hơn.\r\n\r\nNgoài ra, Acer Aspire Lite 15 còn tích hợp công nghệ Acer BlueLightShield nhằm giảm thiểu ánh sáng xanh gây hại cho mắt. Nhờ đó, người dùng có thể làm việc hoặc giải trí trong thời gian dài mà không bị mỏi mắt.\r\n\r\nSức mạnh hiệu năng của Acer Aspire Lite 15 AL15-41P-R3U5 đến từ bộ vi xử lý AMD Ryzen 7 5700U. Đây là con chip 8 nhân 16 luồng, đạt xung nhịp tối đa 4.3 GHz, có khả năng xử lý mượt mà các tác vụ văn phòng như lướt web, học tập trực tuyến và thậm chí là chỉnh sửa ảnh, video nhẹ.\r\n\r\nThêm vào đó GPU tích hợp AMD Radeon Graphics cung cấp hiệu suất đồ họa vượt trội so với các dòng card onboard thông thường khác. Nhờ vậy, bạn có thể chạy các phần mềm thiết kế cơ bản như Photoshop, Illustrator, xem phim chất lượng cao hoặc thoải mái tận hưởng các tựa game eSports như FIFA Online hoặc Liên Minh Huyền Thoại.', 7, 1),
('AcerNitro5Tiger', 1, 1, 'Acer Nitro 5 Tiger Gaming', 29490000, 37, 200, 'Acer_Nitro_5_Tiger.jpg', 'Còn hàng', 'Trung Quốc', 'Dòng Nitro 5 được yêu thích của Acer nay đã xuất hiện phiên bản mới Tiger 2022. Acer Nitro 5 Tiger AN515-58-52SP được nâng cấp toàn diện về cả thiết kế và hiệu năng, đặc biệt là sức mạnh từ bộ vi xử lý Intel thế hệ thứ 12 hoàn toàn mới, sẽ cùng các game thủ vượt qua mọi giới hạn. \r\n\r\n Acer Nitro 5 Tiger AN515-58-52SP là một trong những chiếc laptop đầu tiên trên thị trường trang bị bộ vi xử lý Intel thế hệ thứ 12 Alder Lake mới nhất. Con chip Intel Core i5 12500H có sức mạnh khiến cả những chip Core i7 trước đây phải choáng ngợp với 12 lõi 16 luồng, tốc độ xung nhịp 3.3 – 4.5 GHz, 18 MB Intel Smart Cache. Với nhiều nhân hơn, tốc độ xung nhịp cao hơn, i5 12500H mang đến hiệu suất cực khủng để đáp ứng tốt những tựa game hiện đại hay các ứng dụng đòi hỏi cấu hình cao. Sức mạnh của chiếc laptop gaming này sẽ giúp bạn tự tin làm bất cứ công việc gì.\n\n.\r\n\r\n Được xây dựng với kiến trúc Ampere, card đồ họa RTX 3050 có thể chơi tốt hầu hết mọi tựa game ở thiết lập đồ họa Full HD. Ngoài ra, tính năng DLSS sẽ tăng hiệu suất, ổn định tốc độ khung hình nhờ trí tuệ nhân tạo AI. Trên laptop Acer Nitro, bạn sẽ được tận hưởng game với đồ họa chân thực, hiệu ứng đổ bóng tự nhiên, đồng thời tăng chất lượng khi vừa chơi game vừa livestream. Hơn nữa, RTX 3050 cũng rất lý tưởng khi làm việc với các phần mềm sáng tạo, chỉnh sửa ảnh, video, render 2D, 3D, …\n\n.\r\n\r\n So với dòng Nitro 5 trước đây, Nitro 5 Tiger 2022 có một thiết kế hoàn toàn mới. Máy đi theo ngôn ngữ vuông vắn, hiện đại và gọn gàng hơn với viền màn hình siêu mỏng, bàn phím tràn sát ra cạnh bên máy. Các đường cắt cũng được làm khỏe khoắn, mạnh mẽ hơn. Đặc biệt, phần mặt lưng tạo điểm nhấn với những dải màu độc đáo, đậm chất gaming. Bạn sẽ có một chiếc laptop gaming vừa đẹp mạnh mẽ, lại vừa gọn gàng di động.\n\n .\r\n\r\nCác hình ảnh trong game sẽ trở nên rất ấn tượng với màn hình viền mỏng của Acer Nitro 5 Tiger AN515-58-52SP. Hơn nữa, màn hình 15,6 inch này còn có độ phân giải Full HD, tấm nền IPS, tần số quét 144Hz và tốc độ phản hồi 3ms cực nhanh, giúp bạn nắm bắt mọi chuyển động, thao tác mượt mà trong các trận chiến.\n\n .\r\n\r\n Thiết kế mới của Acer Nitro 5 Tiger không chỉ gọn và đẹp hơn, nó còn cải thiện khả năng tản nhiệt, niềm tự hào của những chiếc laptop chơi game Acer. Nitro 5 2022 sở hữu 2 quạt tản nhiệt, 2 cổng hút gió (trên và dưới) cùng 4 cổng xả nhiệt. Sự phối hợp nhịp nhàng của hệ thống này trong phần khung máy thiết kế công thái học giúp nhiệt lượng luôn được giải phóng nhanh chóng, đảm bảo sức mạnh tốt ưu của hiệu năng. Tất nhiên bạn có thể điều chỉnh hệ t', 0, 0),
('AcerSwiftX', 1, 1, 'Acer Swift X SFX16-51G-516Q', 22990000, 26, 200, 'Acer_Swift_X_SFX16-51G-516Q.jpg', 'Còn hàng', 'Trung Quốc', 'Acer Swift X SFX16 là một sự lựa chọn đáng cân nhắc đối với người dùng sáng tạo, đồ họa, kỹ thuật nhờ hiệu năng mạnh mẽ, thiết kế mỏng nhẹ, màn hình lớn, dung lượng RAM cao cùng các tính năng phục vụ tốt cho công việc.\r\n\r\n Acer Swift X SFX16 có thiết kế tối giản với tông màu xám sang trọng, chất lượng hoàn thiện tốt. Toàn bộ thân máy được làm bằng kim loại chắc chắn nhưng máy lại rất mỏng nhẹ với độ dày 18.9 mm và trọng lượng 1.9 kg, thuận tiện cho việc mang theo khi di chuyển, làm việc một cách linh hoạt.\r\n\r\nTrang bị trên Acer Swift X SFX16 là con chip Intel Core i5 11320H với 4 nhân, 8 luồng và tốc độ tối đa lên tới 4.50 GHz. Cùng với đó là card đồ họa rời NVIDIA GeForce RTX 3050 4 GB mang lại khả năng xử lý đồ họa tuyệt vời. Cấu hình như vậy giúp bạn có thể thoải mái làm các tác vụ đồ họa như chỉnh sửa hình ảnh, render video hay xử lý các công việc liên quan đến kỹ thuật một cách mượt mà.\r\n\r\nĐược trang bị màn hình lớn hơn so với nhiều mẫu laptop trên thị trường, Acer Swift mang lại không gian làm việc rộng với màn hình 16.1 inch giúp bạn có thể làm việc một cách thoải mái. Tấm nền IPS đem tới góc nhìn rộng và màu sắc chân thực. Độ bao phủ màu lên tới 100% sRGB đạt độ chuẩn màu cao phục vụ rất tốt cho các công việc đồ họa. Bên cạnh đó, công nghệ màn hình Acer ComfyView cho khả năng chống chói, giảm thiểu ánh sáng xanh, bảo vệ mắt của bạn khi làm việc trong thời gian dài.\r\n\r\nCông nghệ âm thanh được sử dụng trên laptop Acer này là Acer TrueHarmony cho ra âm thanh ít bị biến dạng, âm phát ra to, rõ, chân thực và sống động. Ngoài ra, máy còn được trang bị bảo mật vân tay giúp bảo vệ dữ liệu cá nhân của bạn và mở khóa một chạm nhanh chóng mà không cần nhập mật khẩu.', 79, 0),
('AMDRyzen5Pro4650G', 3, 16, 'AMD Ryzen 5 Pro 4650G', 3190000, 0, 10, 'AMD.jpg', 'Còn hàng', 'Trung Quốc', 'Với những cải tiến vượt trội về công nghệ, AMD Ryzen 5 Pro 4650G là lựa chọn tiêu biểu cho dòng CPU tầm trung mạnh mẽ, đáp ứng tốt mọi nhu cầu từ chơi game, đa nhiệm đến các tác vụ về đồ họa. Với 6 nhân, 12 luồng cùng cấu trúc Zen 2 tiên tiến, sản phẩm hứa hẹn mang lại hiệu suất vượt trội, định nghĩa lại kỳ vọng của người dùng trong phân khúc CPU tầm trung.\r\n\r\nAMD Ryzen 5 Pro 4650G được trang bị nhân đồ họa tích hợp Radeon Graphics cao cấp, có khả năng xử lý hình ảnh mạnh mẽ mà không cần card đồ họa rời. Đây là bước tiến đáng kể giúp game thủ dễ dàng trải nghiệm các tựa game yêu thích với hình ảnh sống động mà không cần đầu tư thêm phần cứng.Đặc biệt, Ryzen 5 Pro 4650G còn nổi bật với hiệu năng đa luồng vượt trội, mạnh hơn đến 2.5 lần so với các dòng CPU tiền nhiệm. Đây là khoản đầu tư đáng tin cậy giúp bạn xây dựng hệ thống máy tính vận hành ổn định, hiệu quả.\r\n\r\nVới chuẩn PCI Express tốc độ cao, chip AMD Ryzen 5 Pro 4650G hỗ trợ băng thông gần 1GB/s cho mỗi lane, mở ra khả năng kết nối và giao tiếp hiệu quả với các card đồ họa và thiết bị ngoại vi, đảm bảo hiệu suất tối ưu cho mọi tác vụ từ đơn giản đến phức tạp.\r\n\r\nVới kiến trúc Zen 2, CPU AMD Ryzen 5 Pro 4650G giúp cải thiện hiệu suất đơn nhân đồng thời giảm thiểu độ trễ và tiết kiệm năng lượng đáng kể. Tiến trình sản xuất 7nm tiên tiến giúp CPU hoạt động ổn định, hạn chế tỏa nhiệt và tối ưu hóa tiêu thụ điện năng, mang lại trải nghiệm vận hành bền bỉ, lâu dài.\r\n\r\nVới 6 nhân 12 luồng, tốc độ xung nhịp cơ bản 3.7GHz và khả năng ép xung lên đến 4.2GHz. Các bộ nhớ đệm 8MB L3 Cache và 3MB L2 Cache của AMD Ryzen 5 Pro 4650G cải thiện đáng kể tốc độ xử lý dữ liệu, giúp các tác vụ nặng trở nên mượt mà và nhanh chóng.Dù bạn xử lý công việc văn phòng, chỉnh sửa ảnh, render video hay chơi game đồ họa cao, Ryzen 5 Pro 4650G đều đáp ứng tốt nhu cầu của bạn nhờ sự kết hợp giữa hiệu năng mạnh mẽ và loạt tính năng tiên tiến.\r\n\r\nNhờ được sản xuất trên tiến trình 7nm, Ryzen 5 Pro 4650G vừa tiết kiệm điện năng hiệu quả, đồng thời còn hạn chế nhiệt độ tỏa ra khi vận hành. Đây là chìa khóa giúp CPU vận hành ổn định mà không cần đến các hệ thống tản nhiệt phức tạp. Tản nhiệt AMD Wraith Stealth đi kèm đủ sức đáp ứng các nhu cầu trải nghiệm thông thường, mang đến sự tiện lợi và tiết kiệm chi phí cho người dùng.\r\n\r\nVới khả năng xử lý hình ảnh vượt trội, con chip này rất phù hợp với các lập trình viên, nhà thiết kế và giới sáng tạo nội dung. Từ tác vụ chỉnh sửa ảnh, dựng video đến thiết kế đồ họa, Ryzen 5 4600G đều có thể thực hiện dễ dàng, trở thành bạn đồng hành đáng tin cậy trên hành trình sáng tạo của người dùng.', 2, 0),
('AsusVivobook', 1, 2, 'Asus Vivobook X1504VA-NJ526W', 18990000, 24, 200, 'Asus_Vivobook_X1504VA_NJ526W.jpg', 'Còn hàng', 'Trung Quốc', ' Với nhiều tính năng nổi bật, Asus Vivobook X1504VA-NJ526W sẽ trở thành một lựa chọn lý tưởng cho cả công việc và giải trí, đặc biệt phù hợp với những người cần một máy tính xách tay mạnh mẽ, đa năng nhưng vẫn gọn nhẹ và tiện lợi để mang theo.\r\n\r\nKhi nói đến hiệu suất, Asus Vivobook X1504VA-NJ526W thực sự nổi bật với bộ vi xử lý Intel Core i5-1335U. Sản phẩm được thiết kế để đáp ứng nhu cầu ngày càng cao của người dùng hiện đại, bộ vi xử lý này có tốc độ cơ bản 1.3 GHz và khả năng tăng tốc lên tới 4.6 GHz, mang lại trải nghiệm sức mạnh đáng kinh ngạc.Với 10 lõi và 12 luồng, CPU Intel Core i5-1335U sẽ giúp laptop có thể xử lý mượt mà các tác vụ đa nhiệm từ làm việc văn phòng đến chỉnh sửa video chuyên nghiệp, thậm chí là chơi những tựa game hiện đại.\r\n\r\nKhông chỉ gây ấn tượng với bộ vi xử lý mạnh mẽ, Asus Vivobook X1504VA-NJ526W còn nổi bật với bộ nhớ và lưu trữ lớn. Với 16GB RAM 3200MHz, máy tính này sẽ mang đến khả năng đa nhiệm tuyệt vời, cho phép bạn chạy nhiều ứng dụng cùng lúc mà không lo ngại về tình trạng giật lag hay chậm trễ. \r\n\r\nĐiều này đặc biệt quan trọng đối với những người dùng chuyên nghiệp hoặc những ai cần một máy tính có thể xử lý nhanh chóng và hiệu quả các tác vụ nặng.Bên cạnh đó, Asus Vivobook X1504VA-NJ526W còn được trang bị ổ cứng SSD M.2 NVMe PCIe 4.0 với dung lượng 512GB, mang lại không gian lưu trữ khổng lồ cho người dùng để lưu trữ và cài đặt mọi thứ yêu thích. \r\n\r\nVới tốc độ truyền tải dữ liệu cao, ổ SSD này cũng giúp cải thiện đáng kể thời gian khởi động và tải ứng dụng để nâng cao trải nghiệm làm việc và giải trí.\r\n\r\nMàn hình là một trong những yếu tố quan trọng nhất của một chiếc laptop và Asus Vivobook X1504VA-NJ526W sẽ không làm bạn thất vọng. Với màn hình FHD 15.6-inch có độ phân giải 1920 x 1080 pixels cùng tỷ lệ khung hình 16:9, laptop này hứa hẹn sẽ mang lại hình ảnh sắc nét, cũng như đảm bảo rằng mọi chi tiết đều được hiển thị một cách chân thực và sống động.\r\n\r\nAsus Vivobook X1504VA-NJ526W được trang bị đồ họa Intel Iris Xe tích hợp vào CPU Intel Core i5-1335U. Dù không phải là card đồ họa chuyên dụng, Intel Iris Xe vẫn đủ mạnh mẽ để xử lý các tác vụ đồ họa nhẹ và chơi game với cấu hình không quá cao, mang lại trải nghiệm mượt mà và ổn định.\r\n\r\nAsus Vivobook sẽ đáp ứng mọi nhu cầu kết nối của bạn với bộ sưu tập đa dạng các cổng kết nối. Từ USB Type-C đa năng cho đến HDMI, máy tính xách tay này cung cấp đủ mọi lựa chọn để bạn có thể kết nối với mọi thiết bị ngoại vi một cách dễ dàng.\r\n\r\nVivobook X1504VA-NJ526W cũng có những giải pháp kết nối không dây hiện đại như Wi-Fi 6E và Bluetooth 5, giúp bạn luôn kết nối mạng không dây với tốc độ cao và ổn định, đồng thời dễ dàng kết nối với các thiết bị Bluetooth như tai nghe, loa, chuột không dây... Ngoài ra, máy tính này còn được trang bị cảm biến vân tay một chạm và camera HD 720p với tấm che riêng tư, đảm bảo tính an toàn và bảo mật cho dữ liệu của bạn.', 1, 0),
('AsusZenbook14', 1, 2, 'Asus Zenbook 14 OLED UX3405MA-PP151W Ultra 5 ', 28990000, 10, 191, 'Asus_Zenbook_14_OLED_UX3405MA-PP151W_Ultra_5.jpg', 'Còn hàng', 'Trung Quốc', 'Ẩn bên trong thiết kế mỏng nhẹ và thanh thoát của Asus Zenbook 14 OLED UX3405MA-PP151W là cấu hình mạnh mẽ với chip Intel Core Ultra 5 125H kết hợp cùng 16GB RAM và 512GB bộ nhớ trong. Sản phẩm được trang bị màn hình OLED 3K với tần số quét 120Hz siêu mượt mà, đem lại trải nghiệm đã mắt và chuyên nghiệp.\r\n\r\nKế thừa thế mạnh đặc trưng về thiết kế của dòng sản phẩm Zenbook, chiếc laptop Zenbook 14 OLED UX3405MA gây ấn tượng mạnh về trải nghiệm thẩm mỹ với cấu trúc khung vỏ kim loại mỏng nhẹ, thanh thoát. Thiết bị được hoàn thiện với độ mỏng ấn tượng chỉ 14.9mm và có trọng lượng vỏn vẹn 1.2kg.\r\n\r\nAsus Zenbook 14 OLED UX3405MA-PP151W được tích hợp bộ vi xử lý Intel Core Ultra 5 125H hỗ trợ AI nhằm mang lại nguồn sức mạnh ấn tượng, đồng thời nâng tầm hiệu xuất xử lý đồ họa mà vẫn tối ưu khả năng tiết kiệm điện.\r\n\r\nVới 16GB RAM, bộ nhớ trong 512GB và Wi-Fi 6E, máy tính AI Zenbook 14 OLED UX3405MA-PP151W thể hiện khả năng đa nhiệm tuyệt vời nhiều tác vụ nặng cùng lúc, truy xuất dữ liệu và khởi động máy nhanh chóng, song song với năng lực kết nối không dây tốc độ cao ấn tượng.\r\n\r\nẨn bên trong con chip Intel Core Ultra là lõi NPU AI Engine độc đáo, giúp tối ưu tốc độ của mọi tác vụ AI – công nghệ bản lề đang được ứng dụng vào rất nhiều lĩnh vực quan trọng, từ thiết kế đồ họa, dựng phim, xử lý ngôn ngữ...\r\n\r\nZenbook 14 OLED UX3405MA-PP151W sở hữu màn hình OLED rộng 14 inch với khả năng hiển thị các gam màu rực rỡ, sống động và chân thật. Với độ phân giải lên tới 2.880 x 1.800 pixels, sản phẩm dễ dàng diễn đạt các khuôn hình với độ chi tiết cực cao.\r\n\r\nAsus đã thiết kế không gian hiển thị của sản phẩm với tỉ lệ khung hình 16:10 nhằm mang lại trải nghiệm rộng mở hơn khi quan sát các nội dung trên tấm nền. Đặc biệt, công nghệ Adaptive Sync sẽ điều chỉnh linh hoạt tần số quét màn hình với mức cao nhất là 120Hz nhằm giúp cho mọi khuôn hình đều hiện lên mượt mà, nịnh mắt.\r\n\r\nVới công nghệ Bàn phím Yên tĩnh ErgoSense, laptop Zenbook 14 OLED UX3405MA-PP151W dễ dàng giảm thiểu âm thanh ồn ào khi soạn thảo văn bản, tạo nên trải nghiệm gõ chuyên nghiệp hơn, tránh gây ảnh hưởng tới những thành viên khác trong văn phòng.\r\n\r\n Ở hai cạnh bên của laptop Zenbook 14 OLED UX3405MA-PP151W, bạn sẽ tìm thấy mọi cổng kết nối mà mình cần. Cụ thể, sản phẩm được trang bị hai cổng Thunderbolt 4 (USB-C), đi kèm đó là cổng HDMI 2.1, cổng USB 3.2 Gen 1 Type-A và jack âm thanh 3.5mm quen thuộc.', 32, 9),
('BaseusBowieD05', 5, NULL, 'Tai nghe Bluetooth choàng đầu Baseus Bowie D05', 1090000, 18, 4, 'TaiNghe.jpg', 'Còn hàng', 'Trung Quốc', 'Baseus Bowie D05 là một chiếc tai nghe HiFi Stereo có thể gập lại. Sản phẩm nổi bật với thiết kế thoải mái, kết nối không dây tiện lợi và âm thanh chất lượng, đảm bảo bạn sẽ luôn đắm chìm trong thế giới âm nhạc của riêng mình.', 0, 0),
('BrotherMFC-L2701DW', 4, 11, 'Máy in đa chức năng Brother MFC-L2701DW', 7990000, 13, 200, 'Brother_MFC-L2701DW.jpg', 'Còn hàng', 'Trung Quốc', 'Brother MFC-L2701DW là mẫu máy in đa năng rất phù hợp với môi trường văn phòng, doanh nghiệp và công ty nhờ khả năng in ấn tốc độ cao, thiết kế nhỏ gọn hiện đại, đồng thời đem đến những bản in chất lượng cao. Sản phẩm được trang bị nhiều tính năng tiện lợi, sở hữu khay giấy lớn cùng bảng điều khiển rõ ràng thông tin.\r\n\r\n Máy in Brother MFC-L2701DW sử dụng phong cách thiết kế hiện đại với kiểu dáng nhỏ nhắn, tránh chiếm nhiều diện tích trong văn phòng. Bạn sẽ dễ dàng bài trí thiết bị ở vị trí tiện sử dụng. Không chỉ vậy, kiểu dáng tối tân và màu sắc thanh lịch của MFC-L2701DW cũng góp phần tạo nên sự chuyên nghiệp cho không gian làm việc bạn. \r\n\r\n Bạn có thể hoàn toàn an tâm vào độ sắc nét, rõ ràng của những bản in mà Brother MFC-L2701DW thể hiện. Sản phẩm ghi nhận độ phân giải lên đến 2.400 x 600 DPI, đảm bảo mọi bản in đều có chất lượng tốt và thể hiện thành phẩm cực kỳ chuyên nghiệp trên giấy. Đây là yếu tố sẽ giúp bạn gia tăng thiện cảm trong mắt đối tác, đồng nghiệp hay cấp trên.\r\n\r\n Hiểu được sự quý trọng của thời gian trong quá trình triển khai công việc nơi công sở, Brother đã tối ưu hóa quá trình in ấn của MFC-L2701DW sao cho nhanh gọn và thuận tiện nhất. Đồng thời, hãng cũng thiết lập tốc độ in ấn tối đa chạm ngưỡng 30 trang mỗi phút. Bạn sẽ không phải chờ đợi quá lâu mỗi khi muốn in một loại tài liệu nào đó, góp phần gia tăng độ hiệu quả trong công việc. \r\n\r\n Thay vì chỉ đóng khung tính năng trong các tác vụ in ấn tài liệu, Brother MFC-L2701DW còn cho thấy bản thân là một trợ thủ cực kỳ đa năng khi có thể hỗ trợ người dùng scan, fax, copy để làm tốt nhiều tác vụ cần thiết trong quá trình sử dụng văn bản của một công ty, doanh nghiệp. Việc sử dụng chiếc máy in đa tác vụ này sẽ giúp bạn tiết kiệm nhiều tài nguyên cho các thiết bị chuyên phục vụ photo, scan hay máy fax.\r\n\r\n Cơ chế tương tác với các thiết bị bên ngoài của MFC-L2701DW cực kỳ tiện lợi bởi sản phẩm không chỉ sử dụng cơ chế kết nối qua cổng USB mà còn có thể tận dụng tính năng iPrint & Scan để nhận lệnh trực tiếp từ smartphone hoặc tablet. Công nghệ in ấn hai mặt sẽ giúp bạn tận dụng hiệu quả tài nguyên giấy, giúp tiết kiệm tài chính cho doanh nghiệp, đồng thời rút ngắn thời gian in ấn. \r\n\r\n Khay giấy mà máy in Brother MFC-L2701DW sử dụng có thể chứa cùng lúc 250 tờ. Bạn chỉ cần đặt giấy một lần để thoải mái in ấn nhiều loại tài liệu, văn bản khác nhau, hạn chế mất thời gian và công sức cho thao tác thay giấy liên tục. Màn hình LCD mà nhà sản xuất tích hợp sẽ hiển thị rõ ràng mọi thông tin liên quan đến chức năng và cơ chế hoạt động của máy. ', 0, 0),
('CanonLBL6030W', 4, 12, 'Máy in Canon laser LBP6030w', 3790000, 5, 200, 'Canon_LBL6030W.jpg', 'Còn hàng', 'Trung Quốc', ' Là dòng máy in thiết kế nhỏ gọn, hiệu suất cao và có cả khả năng kết nối Wi-Fi, Máy in Canon LBP6030w thích hợp cho gia đình, văn phòng nhỏ với mức giá rất hấp dẫn.\r\n\r\n Máy in Canon LBP6030w sở hữu công nghệ sấy theo nhu cầu độc quyền của Canon, giúp máy in tiêu hao ít năng lượng hơn và làm nóng các bộ phận nhanh hơn so với thiết kế cuộn sấy truyền thống. Nhờ vậy, máy in sẽ nhanh chóng sẵn sàng cho bản in đầu tiên, để công việc bạn diễn ra một cách trôi chảy.\r\n\r\n Ứng dụng Canon Mobile Printing cùng khả năng kết nối Wi-Fi tiện lợi giúp bạn có thể dễ dàng in ảnh và tài liệu từ điện thoại hoặc máy tính bảng. Không cần phải kết nối với máy tính, tất cả đều được thực hiện theo cách hết sức di động.\r\n\r\n Catridge mực all-in-one 325 của Canon được thiết kế tích hợp trống mực cảm quang, thiết bị làm sạch và khoang chứa mực giúp tiết kiệm chi phí, đồng thời thay thế catridge mực một cách dễ dàng. Bạn có thể tự tin sử dụng máy in lâu dài, tiết kiệm và bền vững.\r\n\r\n Máy in Canon LBP6030w được lập trình chế độ chờ và tắt máy tự động nếu máy không hoạt động trong một khoảng thời gian nhất định. Nhờ thế, bạn sẽ không bị lãng phí điện vô ích khi chẳng may quên tắt máy mà chưa có nhu cầu in. Hơn nữa, giá trị tiêu hao điện của Canon LBP6030w chỉ là 0,48kWh/tuần, hết sức tiết kiệm và thân thiện với môi trường.\r\n\r\nTrên Máy in Canon LBP6030w có một phím WPS cho phép máy in kết nối với máy tính qua mạng không dây Wi-Fi. Chỉ cần nhấn phím bấm này, người dùng có thể in không dây từ máy tính sang máy in rất dễ dàng, rất thích hợp để bạn in từ laptop.', 0, 0),
('CanonMF241D', 4, 12, 'Máy in Canon đa chức năng MF241d', 5890000, 7, 50, 'Canon_MF241D.jpg', 'Còn hàng', 'Trung Quốc', 'Máy in Canon MF241d đa chức năng là máy in nhỏ gọn với đầy đủ chức năng cơ bản trong hoạt động văn phòng như in, sao chép (photocopy) và quét (scan) với tính năng đảo mặt tiện lợi.\r\n\r\n  Nhờ tính năng in đảo mặt tự động, máy in Canon MF241d đa chức năng có thể đảm bảo năng suất in tối ưu. Bạn có thể tiết kiệm thời gian, tiết kiệm giấy và bảo vệ môi trường hơn bằng cách in 2 mặt của tài liệu trên cùng một tờ in.\r\n\r\n Trên máy in Canon MF241d đa chức năng, bạn sẽ có một bảng điều khiển thông minh, nơi người dùng có thể thao tác và xem những thông báo cần thiết trong quá trình in. Ấn tượng hơn nữa, đây còn là bảng điều khiển gập đa chiều, để bạn có thể đặt ở bất cứ vị trí nào thuận lợi, giúp vận hành máy dễ dàng hơn. Đồng thời thiết kế này cũng cho phép vị trí đặt máy trở nên linh hoạt hơn, dù là đặt ở trên mặt đất hay trên mặt bệ đỡ.\r\n\r\n Bạn có thể cài đặt phím giải pháp 1 chạm trên máy in Canon MF241d đa chức năng. Với phím bấm này, bạn sẽ ngay lập tức truy cập vào tác vụ thường xuyên sử dụng, giúp cho thao tác in tiện lợi và nhanh chóng hơn rất nhiều.\r\n\r\n Máy in đa chức năng Canon MF241d giúp bạn tiết kiệm thời gian và chi phí tối đa với thiết kế hộp mực catridge 3 trong 1. Bạn chỉ cần thay một khối duy nhất, thay vì phải thay thế từng bộ phận khi hết mực hoặc hao mòn trống cảm quang.', 0, 0),
('DellGamingG155530', 1, 7, 'Dell Gaming G15 5530', 40990000, 2, 198, 'Dell_Gaming_G15_5530.jpg', 'Còn hàng', 'Trung Quốc', 'Với những game thủ đam mê chinh phục thế giới ảo và các nhà sáng tạo luôn kiếm tìm công cụ làm việc tối ưu thì Dell Gaming G15 5530 là sự lựa chọn sáng giá đích thực. Sản phẩm sở hữu những thế mạnh phù hợp nhất cho các đối tượng người dùng này, từ chip Intel Core i7-13650HX mạnh mẽ, card đồ họa NVIDIA GeForce RTX 4060  hiện đại cho đến màn hình 15.6 inch sắc nét.\r\n\r\nTrái tim của Dell Gaming G15 5530 nằm ở chip Intel Core i7-13650HX – con chip thuộc dòng H-series cao cấp được thiết kế dành riêng cho những thiết bị hiệu suất cao. Với 14 nhân và 20 luồng, trong đó có sự kết hợp giữa 6 nhân hiệu năng cao và 8 nhân tiết kiệm điện, chiếc laptop có thể xử lý song song đa tác vụ hết sức mượt mà và hiệu quả.\r\n\r\nNhắc tới sức mạnh của Dell Gaming G15 5530, không thể bỏ qua sự góp mặt của GPU NVIDIA GeForce RTX 4060 với bộ nhớ 8GB GDDR6. Đây là dòng card đồ họa mới thuộc kiến trúc Ada Lovelace, được tối ưu hóa cho trải nghiệm chơi game và sáng tạo nội dung ở thế hệ tiếp theo.\r\n\r\nVới RTX 4060, các tựa game nặng như Cyberpunk 2077, Hogwarts Legacy hay Battlefield 2042 sẽ được vận hành mượt mà ở mức thiết lập đồ họa cao. Công nghệ Ray Tracing mang lại cảm giác đắm chìm chưa từng có. Những người làm thiết kế 3D, dựng phim hay streamer cũng sẽ thấy rõ sự khác biệt. Công nghệ DLSS 3 (Deep Learning Super Sampling) sử dụng AI để nâng cao tốc độ khung hình mà vẫn giữ nguyên chất lượng hình ảnh.\r\n\r\nLaptop Dell Gaming G15 5530 sở hữu dung lượng RAM 16GB chuẩn DDR5 tốc độ cao 4800MHz, cho phép bạn thoải mái xử lý đa tác vụ mà không gián đoạn. Chuẩn DDR5 giúp tăng tốc độ truyền dữ liệu so với DDR4 đồng thời cải thiện khả năng tiêu thụ điện năng, giúp hệ thống hoạt động mát hơn và ổn định hơn.\r\n\r\nNếu bạn từng bực bội vì thời gian chờ đợi khi mở laptop hay load game, thì ổ cứng SSD M.2 PCIe Gen 4 dung lượng 1TB trên Dell G15 5530 sẽ là lời giải cho mọi vấn đề. Với tốc độ đọc/ghi cực nhanh, ổ cứng này giúp bạn khởi động hệ điều hành chỉ trong vài giây, truy cập dữ liệu tức thì và rút ngắn thời gian render video, lưu dự án lớn.\r\n\r\nTrải nghiệm thị giác là một yếu tố không thể thiếu trong thế giới gaming, và Dell G15 5530 đã làm rất tốt phần việc này. Màn hình kích thước 15.6 inch độ phân giải Full HD (1920 x 1080) sử dụng tấm nền WVA cao cấp giúp tái tạo màu sắc tốt và góc nhìn rộng, phù hợp cho cả chơi game lẫn làm đồ họa.\r\n\r\nVới một chiếc laptop hiệu năng cao như Dell G15 5530, cơ chế tản nhiệt đóng vai trò cực kỳ quan trọng. Máy được Dell trang bị hệ thống quạt kép và các ống dẫn nhiệt thông minh giúp duy trì nhiệt độ ổn định trong suốt quá trình hoạt động. Thiết kế khe thoát nhiệt phía sau tối ưu giúp luồng khí nóng không ảnh hưởng đến tay cầm chuột – điều mà các game thủ cực kỳ quan tâm.\r\n\r\n Dell G15 5530 được trang bị đầy đủ các cổng kết nối hiện đại nhất hiện nay, bao gồm USB-A 3.2, USB Type-C (có hỗ trợ DisplayPort), HDMI, cổng mạng LAN, jack tai nghe 3.5mm. Nhờ đó, bạn có thể dễ dàng kết nối với chuột, bàn phím rời, màn hình phụ, thiết bị lưu trữ hay tai nghe chuyên dụng mà không cần đến hub mở rộng.\r\n\r\n Sự đa dạng cổng kết nối giúp bạn có thể setup một “battle station” cực kỳ linh hoạt tại nhà, hoặc dễ dàng trình chiếu, làm việc nhóm khi ra ngoài.', 8, 2),
('DellLatitude3450', 1, 7, 'Dell Latitude 3450', 20090000, 9, 200, 'Dell_Latitude_3450.jpg', 'Còn hàng', 'Trung Quốc', 'Đến từ dòng laptop doanh nghiệp đáng tin cậy của thương hiệu Dell, laptop Latitude 3450 cho thấy sự hiệu quả trong cấu hình và bộ chức năng bảo mật. Với thiết kế nhỏ gọn cùng nhiều tính năng hỗ trợ công việc, mẫu laptop này đáp ứng tốt nhu cầu của những người làm kinh doanh, nhân viên văn phòng và công sở.\r\n\r\nDell Latitude 3450 sở hữu thiết kế gọn gàng với trọng lượng chỉ 1.5kg, phù hợp để mang theo bên mình với những ai thường xuyên làm việc ngoài trời. Lớp vỏ màu than chì nhẹ nhàng trung tính gia tăng tính thẩm mỹ, đồng thời hạn chế bám bẩn và trầy xước, đảm bảo máy được bền đẹp theo thời gian.\r\n\r\nMàn hình 14 inch viền mỏng giúp tối ưu không gian hiển thị mà vẫn giữ được kích thước nhỏ gọn. Chất liệu cao cấp cùng độ hoàn thiện chắc chắn giúp Latitude 3450 vừa bền bỉ, vừa thể hiện phong cách chuyên nghiệp của người sử dụng.\r\n\r\nKhông gian hiển thị của Dell Latitude 3450 rộng 14 inch và có độ phân giải Full HD (1920 x 1080 pixels), sử dụng tấm nền WVA/IPS với khả năng tái tạo màu sắc trung thực, cho góc nhìn rộng và hình ảnh sắc nét. Đặc biệt, công nghệ Anti Glare giúp giảm thiểu ánh sáng phản chiếu, bảo vệ mắt và nâng cao trải nghiệm làm việc trong mọi điều kiện ánh sáng.\r\n\r\nMàn hình này giúp bạn làm việc hiệu quả, đồng thời mang lại trải nghiệm giải trí tuyệt vời khi xem phim, chỉnh sửa hình ảnh hay tham gia các cuộc họp trực tuyến.', 0, 0),
('DellN3530', 1, 7, 'Dell Inspiron N3530', 19990000, 10, 200, 'Dell_Inspiron_N3530.jpg', 'Còn hàng', 'Trung Quốc', 'Dell Inspiron N3530 là một lựa chọn tốt trong phân khúc laptop tầm 20 triệu đồng. Màn hình siêu ấn tượng với tần số quét 120Hz tái hiện chuyển động mượt mà. Cấu hình phần cứng với chip Intel Core i5 1334U cùng 16GB RAM và ổ cứng SSD 512GB đáp ứng tốt nhu cầu xử lý công việc.\r\n\r\nHiệu suất ổn định cho công việc văn phòng\r\nLaptop Dell Inspiron N3530 được trang bị bộ vi xử lý Intel Core i5 1334U xây dựng trên tiến trình 10nm, gồm 10 nhân 12 luồng. Trong đó có 2 P-Core và 8 E-Core, tốc độ xung nhịp tối đa của chipset này đạt tới 4.6GHz. Công nghệ Turbo Boost Max 3.0 và Intel Thread Director tối ưu hiệu suất lên mức tốt nhất để đáp ứng các tác vụ nặng như chỉnh sửa ảnh, biên tập video,... Các hoạt động thông thường như duyệt web, chạy ứng dụng văn phòng hay xem YouTube, lướt mạng xã hội sẽ diễn ra mượt mà, không xuất hiện giật lag.\r\n\r\nTrải nghiệm hình ảnh tốt trên màn hình 15.6 inch, 120Hz\r\nHiếm có laptop văn phòng nào sở hữu màn hình có tần số quét lên đến 120Hz như Dell Inspiron N3530. Mọi chuyển động trên màn hình được đảm bảo mượt mà với độ trễ thấp, cả khi bạn lướt web, lướt Facebook hay xem các trận đua xe tốc độ. Màn hình máy có kích thước 15.6 inch, sử dụng tấm nền WVA, độ phân giải FHD (1920 x 1080). Kết hợp với công nghệ LED Backlit tiên tiến, hình ảnh được tái hiện sắc nét và chi tiết, màu sắc hiển thị chính xác, sống động ở mọi góc nhìn, mang đến trải nghiệm thực sự thú vị. Trên khung hình lớn, bạn có thể làm việc và giải trí thoải mái, đọc văn bản dễ dàng và hiển thị đầy đủ cả những bảng tính nhiều cột.\r\nĐa nhiệm mượt mà với 16GB RAM\r\nỔ cứng SSD 512GB trên laptop Dell Inspiron N3530 cung cấp không gian lưu trữ rộng lớn cho tất cả các dữ liệu, bao gồm hình ảnh, tệp tin, file âm thanh hay các phần mềm, ứng dụng cần thiết. Chưa kể, bộ nhớ có thể nâng cấp lên tối đa 2TB bằng thẻ nhớ ngoài. Sử dụng chiếc laptop này, bạn sẽ tiết kiệm được nhiều thời gian bởi máy có tốc độ khởi động và chuyển giao tệp tin cực kỳ nhanh chóng. Đi cùng ổ cứng cao cấp cũng không thể thiếu RAM dung lượng cao lên đến 16GB, cho phép đa nhiệm thoải mái và mượt mà để bạn duyệt song song nhiều tab hoặc mở cùng lúc nhiều ứng dụng. Đây chính là hai yếu tố quan trọng tạo nên một công cụ làm việc đáng tin cậy.\r\n\r\n', 0, 0),
('DellV3520', 1, 7, 'Dell Vostro V3520', 17290000, 8, 200, 'Dell_Vostro_V3520.jpg', 'Còn hàng', 'Trung Quốc', 'Dell Vostro 15 3520 là lựa chọn laptop văn phòng màn hình lớn, cấu hình ấn tượng với bộ vi xử lý Intel Core i5 Gen 12, RAM 16GB và màn hình 15,6 inch Full HD 120 Hz siêu mượt. Kết hợp với thiết kế đẳng cấp từ Dell, bạn sẽ có một lựa chọn laptop đáng tin cậy cho công việc.\r\n\r\nDell Vostro 3520 sẵn sàng để làm tốt những công việc chuyên nghiệp, các tác vụ đòi hỏi hiệu năng cao nhờ bộ vi xử lý Intel Core i5 1235U. Đây là con chip dựa trên kiến trúc Alder Lake thế hệ thứ 12 mới, bao gồm 10 nhân, trong đó có 2 nhân hiệu suất (P) và 8 nhân hiệu quả (E). Các lõi P hỗ trợ công nghệ siêu phân luồng, mang tới tổng cộng 12 luồng khi kết hợp với các lõi E. Tốc độ xung nhịp cao ở mức 1,3 – 4,4 GHz trên lõi P và 0,9 – 3,3 GHz trên lõi E. Với việc nhiều lõi nhiều luồng và chia thành các loại nhân với tốc độ khác nhau, Dell Vostro 3520 không chỉ mạnh mẽ hơn thế hệ trước mà còn sử dụng năng lượng hiệu quả, tiết kiệm điện hơn.\r\n\r\nDell Vostro 3520 trang bị sẵn tới 16GB RAM, đảm bảo hoạt động làm việc đa nhiệm của bạn diễn ra trôi chảy. Bạn có thể làm nhiều việc cùng lúc, mở nhiều ứng dụng, duyệt web nhiều tab mà không sợ lag giật do thiếu RAM. Đi cùng với đó là SSD M.2 tốc độ cực nhanh, để bạn không cần phải chờ đợi khi khởi động máy, mở ứng dụng, … Dung lượng lưu trữ 512GB cũng là thoải mái cho hầu hết các nhu cầu.', 0, 0),
('HP15-fd0235TU', 1, 3, 'HP 15-fd0235TU', 19590000, 20, 200, 'HP_15-fd0235TU.jpg', 'Còn hàng', 'Trung Quốc', ' HP 15-fd0235TU thuộc phân khúc laptop tầm trung với thiết kế chuẩn văn phòng nhỏ gọn, trang nhã. Với vi xử lý Intel Core i5 1334U, 16GB RAM và ổ cứng 512GB, sản phẩm sở hữu hiệu năng mạnh mẽ, đáp ứng tốt công việc hàng ngày với các ứng dụng văn phòng, thiết kế đồ họa cơ bản cũng như giải trí với nhiều trò chơi thịnh hành hiện nay.\r\n\r\nLaptop HP 15-fd0235TU ghi điểm với thiết kế hiện đại sử dụng gam màu bạc thời thượng cho tổng thể máy. Ở mặt A, logo HP bóng bẩy nổi bật vừa tạo điểm nhấn cho máy tính, vừa tăng độ nhận diện thương hiệu. Các cạnh và góc máy được bo cong nhẹ tạo sự mềm mại và thanh lịch, phù hợp với dân văn phòng cũng như học sinh - sinh viên. HP 15-fd0235TU có kích thước 35.98 x 23.6 x 1.86 cm và nặng 1.59kg, lý tưởng cho những người thường xuyên di chuyển. Máy sẽ nằm gọn gàng trong cặp xách, balo để theo bạn trên mọi hành trình, từ đi học, đi làm đến đi công tác.\r\n\r\nĐiểm cộng tiếp theo của laptop HP 15-fd0235TU là được trang bị màn hình 15.6 inch với 3 viền mỏng, mở ra không gian hiển thị rộng rãi nhưng không tăng kích thước tổng thể máy quá nhiều so với những laptop 14 inch. Độ phân giải FHD (1920 x 1080) cùng độ phủ màu 45% NTSC tái hiện hình ảnh sắc nét với màu sắc sống động, chân thực. Màn hình HP 15-fd0235TU có tần số quét 60Hz, đây là mức tốc độ làm tươi phù hợp đối với phân khúc laptop văn phòng tầm trung, đảm bảo diễn đạt chuyển động mượt mà khi làm việc cũng như xem phim, lướt web,...\r\n\r\nCung cấp hiệu năng cho laptop HP 15-fd0235TU là vi xử lý Intel Core i5 thế hệ thứ 13 sản xuất trên tiến trình 10nm với 10 nhân, 12 luồng và có tốc độ xung nhịp cực đại 4.6GHz. Nhờ đó, máy có thể vận hành mượt mà các ứng dụng văn phòng như Word, Excel, PowerPoint để bạn yên tâm xử lý công việc. Bên cạnh đó, HP cũng tích hợp ở sản phẩm này GPU Intel UHD Graphics, đem đến khả năng xử lý đồ họa ổn định để làm các tác vụ cơ bản liên quan đến đồ họa, thiết kế hoặc chơi game giải trí. Nhìn chung, HP 15-fd0235TU là lựa chọn lý tưởng cho nhu cầu học tập, làm việc văn phòng, bán hàng online,...\r\n\r\nẨn bên trong con chip Intel Core Ultra là lõi NPU AI Engine độc đáo, giúp tối ưu tốc độ của mọi tác vụ AI – công nghệ bản lề đang được ứng dụng vào rất nhiều lĩnh vực quan trọng, từ thiết kế đồ họa, dựng phim, xử lý ngôn ngữ...\r\n\r\nVới laptop HP 15-fd0235TU, bạn sẽ được trải nghiệm hiệu suất ấn tượng bởi máy sở hữu tới 16GB RAM và 512GB ổ SSD. Trong quá trình sử dụng, bạn thoải mái mở hàng chục tab trên trình duyệt cùng lúc để tra cứu, tổng hợp thông tin, hoặc vừa làm việc vừa nghe nhạc và trao đổi thông qua các nhóm chat trực tuyến,... đảm bảo quá trình chuyển đổi nhanh chóng, không lo giật lag.\r\n\r\nLaptop HP 15-fd0235TU được trang bị đầy đủ các cổng kết nối phổ biến, bao gồm: 1 cổng USB Type-C với tốc độ truyền dữ liệu 5Gbps (chỉ hỗ trợ truyền dữ liệu, không hỗ trợ sạc hoặc xuất hình ảnh), 2 cổng USB 3.2 với tốc độ truyền dữ liệu 5Gbps, 1 cổng HDMI 1.4b, và 1 cổng tai nghe/microphone combo. Nhờ hệ thống kết nối đa dạng này, bạn dễ dàng liên kết laptop với các thiết bị ngoại vi và phụ kiện, mang lại sự tiện lợi tối đa, đồng thời nâng cao hiệu suất làm việc.\r\n\r\nVề kết nối không dây, laptop HP hỗ trợ Wi-Fi 6 (802.11ax) cho tốc độ kết nối mạng nhanh và ổn định hơn so với các thế hệ trước đây. Máy cũng hỗ trợ công nghệ Bluetooth 5.3 cho phép kết nối dễ dàng với các thiết bị khác như smartphone, tai nghe Bluetooth, loa Bluetooth,... nhanh chóng và thuận tiện.\r\n\r\nBàn phím laptop HP 15-fd0235TU gồm các phím có khoảng cách cũng như độ nảy được tính toán phù hợp nhằm mang tới trải nghiệm gõ êm tay, nhanh chóng. Đặc biệt, khu vực Number Pad tích hợp bên phải hỗ trợ nhập số liệu và phép tính nhanh chóng. Đây là một điểm cộng đối với dân văn phòng nói chung, đặc biệt là những ngành nghề đặc thù như kế toán.', 0, 0);
INSERT INTO `tbl_sanpham` (`MaSP`, `MaLoai`, `MaTH`, `TenSanPham`, `GiaGoc`, `TiLeGiam`, `TonKho`, `HinhAnh`, `TinhTrang`, `XuatXu`, `MoTa`, `LuotXem`, `LuotMua`) VALUES
('HP245G10', 1, 3, 'HP 245 G10 ', 19990000, 23, 200, 'HP_245_G10.jpg', 'Còn hàng', 'Trung Quốc', ' HP 245 G10 R7 không chỉ đơn thuần là một chiếc laptop mà còn là người bạn đồng hành lý tưởng cho dân văn phòng và học sinh, sinh viên. Được trang bị bộ vi xử lý AMD Ryzen 7 mạnh mẽ, thiết kế mỏng nhẹ và nhiều tính năng tiện ích, HP 245 G10 R7 mang đến hiệu suất vượt trội và trải nghiệm sử dụng mượt mà trong mọi tình huống. Dù bạn đang tìm kiếm một công cụ hỗ trợ đắc lực cho công việc hay một thiết bị giải trí di động, HP 245 G10 R7 chắc chắn sẽ làm bạn hài lòng với sự linh hoạt và hiệu quả mà nó mang lại.\r\n\r\nHP 245 G10 mang đến một sự kết hợp hoàn hảo giữa hiệu suất và tính di động, tất cả được gói gọn trong một thiết kế mỏng nhẹ đầy ấn tượng. Dù thuộc phân khúc giá phổ thông, chiếc laptop này chỉ nặng 1.36 kg và mỏng 1.79 cm, làm cho việc mang theo trở nên dễ dàng và thuận tiện hơn bao giờ hết. Được cải thiện đáng kể về trọng lượng và độ mỏng so với các thế hệ trước, HP 245 G10 là người bạn đồng hành lý tưởng cho những ai thường xuyên di chuyển, dù là đi làm, đi họp, hay làm việc từ xa.\r\n\r\nMẫu laptop HP 245 G10 R7 được trang bị bộ vi xử lý AMD Ryzen 7 7730U với 8 nhân và 16 luồng, mang lại hiệu suất xử lý mạnh mẽ và đáng tin cậy. Sản phẩm hướng đến đối tượng dân văn phòng và học sinh, sinh viên, với những ưu điểm vượt trội trong việc xử lý các tác vụ hàng ngày.\r\n\r\n\r\nBộ vi xử lý AMD Ryzen 7 7730U không chỉ giúp laptop vận hành mượt mà mà còn xử lý nhanh chóng mọi công việc. Từ soạn thảo văn bản, tạo bảng tính trên Word và Excel, đến việc quản lý email và duyệt web, tất cả đều trở nên trơn tru và hiệu quả. Khả năng đa nhiệm của máy cũng được cải thiện, cho phép bạn mở nhiều ứng dụng cùng lúc mà không gặp tình trạng giật, lag.\r\n\r\nHP 245 G10 được trang bị bộ nhớ RAM 16GB, mang lại hiệu suất xử lý vượt trội cho các tác vụ đa nhiệm. Mặc dù RAM không thể nâng cấp thêm, nhưng dung lượng 16GB vẫn đủ đáp ứng mọi nhu cầu sử dụng, từ làm việc với nhiều ứng dụng cùng lúc đến duyệt web với nhiều tab mở.\r\n\r\nMặc dù sở hữu thiết kế mỏng nhẹ, HP 245 G10 vẫn đảm bảo tích hợp đầy đủ các cổng kết nối cần thiết cho người dùng doanh nghiệp. Với 2 cổng USB 3.2, một cổng USB-C, một cổng HDMI và jack tai nghe 3.5mm, bạn có mọi công cụ cần thiết để kết nối với các thiết bị ngoại vi và phụ kiện một cách dễ dàng.\r\n\r\nVới cấu hình mạnh mẽ và hiệu năng ổn định, HP 245 G10 đáp ứng tốt các nhu cầu giải trí như xem phim, lướt web và nghe nhạc. Bạn có thể yên tâm sử dụng chiếc laptop này cho mọi hoạt động hàng ngày mà không gặp bất kỳ vấn đề gì về hiệu suất. Với những tính năng và trang bị như vậy, HP 245 G10 thực sự là một lựa chọn tuyệt vời và đáng tin cậy cho cả công việc lẫn giải trí.', 1, 0),
('HPProBook450G10', 1, 3, 'Hp ProBook 450 G10 ', 22590000, 17, 200, 'HP_ProBook_450_G10.jpg', 'Còn hàng', 'Trung Quốc', ' HP ProBook 450 G10 là mẫu laptop tầm trung được thiết kế nhằm đáp ứng tốt nhu cầu của giới doanh nhân và nhân viên văn phòng. Với màn hình rộng 15,6 inch, hiệu năng mạnh mẽ với Intel Core i5-1340P cùng nhiều tính năng hiện đại, đây là sản phẩm đáng cân nhắc cho những ai tìm kiếm một thiết bị bền bỉ và hiệu quả trong công việc.\r\n\r\nVề diện mạo, HP ProBook 450 G10 ghi điểm nhờ ngôn ngữ thiết kế tối giản đầy sang trọng với lớp vỏ kim loại màu bạc tinh tế. Chất liệu nhôm cứng cáp giúp laptop trở nên bền bỉ và tạo cảm giác cao cấp, phù hợp với môi trường làm việc chuyên nghiệp. Máy có trọng lượng nhẹ chỉ khoảng 1.79kg, giúp người dùng dễ dàng mang theo trong những chuyến công tác xa nhà.\r\n\r\nBản lề của máy hết sức chắc chắn, có thể mở rộng tối đa 180 độ, giúp bạn dễ dàng chia sẻ màn hình khi họp nhóm hoặc trình bày ý tưởng. Tổng thể máy được thiết kế nhằm đáp ứng nhu cầu làm việc linh hoạt, phù hợp với người dùng thường xuyên di chuyển.\r\n\r\nHP ProBook 450 G10 được trang bị màn hình 15.6 inch với độ phân giải Full HD (1920 x 1080 pixel), mang lại trải nghiệm hình ảnh sắc nét và màu sắc chân thực. Công nghệ tấm nền IPS giúp màn hình có góc nhìn rộng lên tới 178 độ, đảm bảo hiển thị tốt ngay cả khi nhìn từ nhiều góc độ khác nhau.\r\n\r\nSức mạnh của HP ProBook 450 G10 đến từ bộ vi xử lý Intel Core i5-1340P đạt tốc độ xung nhịp cực đại lên đến 4.6GHz. CPU này đảm bảo khả năng xử lý nhanh chóng các tác vụ văn phòng, duyệt web và hỗ trợ chỉnh sửa hình ảnh, video cơ bản.\r\n\r\nPhiên bản HP ProBook 450 G10 9H8V6PT bạn đang theo dõi được trang bị bộ nhớ RAM 16GB với khả năng xử lý đa nhiệm mượt mà, hạn chế giật lag khi mở nhiều tác vụ cùng lúc.\r\n\r\nVề năng lực lưu trữ, laptop được HP trang bị ổ cứng SSD dung lượng 512GB, cung cấp tốc độ truy xuất dữ liệu nhanh, giúp máy khởi động chỉ trong vài giây và tăng tốc độ khởi chạy tác vụ. Ngoài việc giúp người dùng tiết kiệm thời gian trong quá trình sử dụng, ổ SSD còn giúp laptop vận hành ổn định và bền bỉ hơn so với ổ HDD truyền thống.\r\n\r\nBạn sẽ tìm thấy trên hai cạnh bên thiết bị đầy đủ các cổng kết nối phổ biến để phục vụ nhu cầu làm việc và giải trí, bao gồm 2 cổng USB-A, 1 cổng nguồn, 1 cổng HDMI 2.1, 1 jack 3.5mm, 1 cổng mạng RJ-45 và 2 cổng USB-C.\r\n\r\nNgoài ra, laptop HP ProBook còn hỗ trợ WiFi 6 và Bluetooth 5.3, giúp kết nối mạng nhanh hơn, ổn định hơn và tiêu thụ ít năng lượng hơn. Nhờ vậy, trải nghiệm làm việc trực tuyến trở nên hết sức mượt mà, giảm thiểu tình trạng giật lag khi họp video hay truyền dữ liệu.\r\n\r\n Sở hữu viên pin 3-cell 51Wh, HP ProBook 450 G10 tạo điều kiện để người dùng làm việc hiệu quả trong nhiều giờ mà không cần kết nối với nguồn điện. Máy cũng hỗ trợ công nghệ sạc nhanh, giúp tái tạo 50% pin chỉ trong khoảng 30-45 phút, từ đó tối ưu hóa thời gian làm việc.\r\n\r\n Bảo mật là một trong những yếu tố được HP chú trọng trên dòng ProBook và phiên bản HP ProBook 450 G10 cũng không phải ngoại lệ. Sản phẩm được trang bị các tính năng bảo mật hiện đại. Trong đó, cảm biến vân tay giúp rút ngắn tốc độ đăng nhập, còn chip mã hóa TPM 2.0 giúp bảo vệ dữ liệu quan trọng khỏi các cuộc tấn công mạng.\r\n\r\nLaptop chạy trên hệ điều hành Windows 11 Home với giao diện trực quan, tối ưu hóa khả năng làm việc đa nhiệm. Windows 11 cung cấp nhiều tính năng mới như Snap Layouts, hỗ trợ sắp xếp cửa sổ làm việc khoa học hơn, giúp người dùng tối ưu hóa không gian màn hình.', 0, 0),
('IcoreICK03', 5, 18, 'Bàn phím có dây Icore ICK03', 270000, 11, 6, 'Phim.jpg', 'Còn hàng', 'Trung Quốc', 'Bàn phím có dây iCore ICK03 mang đến một loạt tính năng tiện ích như đèn nền đẹp mắt, phím nóng giải trí tích hợp, khả năng kiểm soát phím Windows, bàn phím số riêng biệt, thiết kế thoải mái và kết nối USB thuận tiện. Đây là một sự lựa chọn tốt cho những người dùng muốn kết hợp giữa hiệu suất làm việc và trải nghiệm giải trí trên cùng một bàn phím.', 0, 0),
('ICoreM32', 5, 18, 'Loa Bluetooth ICore M32', 490000, 41, 3, 'Loa.jpg', 'Còn hàng', 'Trung Quốc', 'Loa Bluetooth iCore M32 là chiếc loa Bluetooth cỡ nhỏ với thiết kế dễ thương, cực kỳ nhỏ gọn để bạn dễ dàng mang theo. Khả năng phát nhạc mạnh mẽ và đặc biệt là hiệu ứng đèn LED cực “cháy” của loa Bluetooth iCore M32 sẽ cho bạn những bữa tiệc vui vẻ.\r\n\r\n Ưu điểm lớn nhất của loa Bluetooth iCore M32 là tính nhỏ gọn di động, bạn có thể cho vào balo hay kể cả túi áo khoác để mang đi bất cứ đâu. Loa Bluetooth iCore M32 rất đa năng với nhiều vai trò như phát nhạc trong nhà, các buổi cắm trại ngoài trời, nghe nhạc trên đường đi, khi đang đi bộ, leo núi hay đạp xe. Dù ở bất cứ đâu thì sự nhỏ gọn của loa Bluetooth iCore M32 sẽ giúp thỏa mãn niềm đam mê âm nhạc của bạn.', 0, 0),
('Iphone13', 2, 6, ' iPhone 13', 28990000, 14, 200, 'IPhone_13.jpg', 'Còn hàng', 'Trung Quốc', 'iPhone 13 sở hữu hệ thống camera kép xuất sắc nhất từ trước đến nay, bộ vi xử lý Apple A15 nhanh nhất thế giới smartphone cùng thời lượng pin cực khủng, sẵn sàng đồng hành cùng bạn suốt cả ngày.\r\n\r\niPhone 13 là chiếc điện thoại toát lên sự đẳng cấp ngay từ cái nhìn đầu tiên nhờ thiết kế sang trọng với ngôn ngữ thiết kế phẳng và chất lượng hoàn thiện tuyệt vời. Khung nhôm cao cấp kết hợp cùng kính bảo vệ Ceramic Shield siêu cứng tạo nên chiếc điện thoại vừa thời trang, lại vô cùng bền bỉ. Khả năng chống nước chuẩn IP68 của iPhone 13 giúp bạn hoàn toàn yên tâm trước mọi nguy cơ từ nước trong quá trình sử dụng thường ngày.\r\n\r\nApple trang bị cho iPhone 13 bộ đôi cảm biến camera cực đỉnh với khẩu độ và kích thước cảm biến cực lớn, bổ sung tính năng ổn định hình ảnh quang học Sensor-shift OIS. Đó là lý do để 2 ống kính đặt chéo 45 độ, thích hợp không gian cho những cảm biến mới. Kết quả là camera iPhone 13 có khả năng thu sáng vượt trội với lượng ánh sáng nhiều hơn tới 47%, cho ảnh chụp và video tuyệt đẹp.\r\n\r\nKhông chỉ quay phim đơn thuần, chế độ điện ảnh Cinematic trên iPhone 13 còn cho phép bạn sáng tạo những thước phim với chất lượng điện ảnh. Giờ đây iPhone của bạn có thể dễ dàng quay những đoạn video xóa phông, làm mờ hậu cảnh, chuyển chủ thể lấy nét mượt mà cả trước và trong khi quay.\r\n\r\nChế độ chân dung làm mờ hậu cảnh một cách nghệ thuật cùng 6 hiệu ứng ánh sáng độc đáo để bạn luôn nổi bật. Đặc biệt, tính năng Smart HDR 4 có thể nhận dạng tới 4 người trong một khung hình và tối ưu hóa độ tương phản, ánh sáng để phù hợp với tông màu da từng người khiến ai cũng xuất hiện đầy rạng rỡ.\r\n\r\nMột viên pin dung lượng lớn hơn kết hợp cùng bộ vi xử lý Apple A15 và tấm nền màn hình mới tiết kiệm năng lượng giúp thời lượng pin iPhone 13 tốt hơn những gì bạn nghĩ. So với thế hệ trước, iPhone 13 có pin lâu hơn 2,5 giờ sử dụng, cho bạn thoải mái làm những điều mình thích mà không lo hết pin.\r\n\r\nNhững nâng cấp đột phá đã tạo nên Apple A15 Bionic, con chip khiến điện thoại iPhone 13 trở thành chiếc điện thoại nhanh bậc nhất thế giới. So với những đối thủ hàng đầu hiện nay, CPU của Apple A15 nhanh hơn tới 50% và GPU đồ họa nhanh hơn tới 30%.\r\n\r\nThế giới đang bước vào kỷ nguyên của mạng 5G, nhưng không chiếc điện thoại nào có mạng 5G tốc độ cao như iPhone. iPhone 13 tích hợp nhiều băng tần 5G hơn, tương thích ở nhiều địa phương hơn.Kết quả là những hoạt động trên mạng Internet của bạn như phát trực tiếp, tải tệp tin, xem video 4K, chơi game trực tuyến đều diễn ra với tốc độ nhanh chóng mặt. Với chế độ dữ liệu thông minh, iPhone còn có thể tự động giảm tốc độ để tiết kiệm điện năng trong những hoạt động không đòi hỏi quá nhiều về lưu lượng mạng. ', 2, 0),
('Iphone14Plus', 2, 6, ' iPhone 14 Plus', 24990000, 26, 200, 'IPhone_14_Plus.jpg', 'Còn hàng', 'Trung Quốc', ' Sự hấp dẫn của chiếc iPhone thế hệ mới 2022 với màn hình lớn, pin xuất sắc nhất từ trước đến nay, chụp đêm ấn tượng và loạt công nghệ đỉnh cao, điện thoại iPhone 14 Plus mang người dùng vào những trải nghiệm di động tiên tiến, sẵn sàng cho cuộc sống năng động, thông minh và tiện lợi.\r\n\r iPhone 14 Plus được hoàn thiện cao cấp với khung nhôm và kính Ceramic Shield chắc chắn có khả năng chống trầy xước, va đập cực tốt. Kết hợp đó là thiết kế vuông vức hợp xu hướng, cho tổng thể hiện đại. Đồng thời, bạn cũng hoàn toàn yên tâm sử dụng điện thoại trong nhiều điều kiện môi trường khi iPhone 14 Plus có sự góp mặt của chuẩn chống nước/ bụi IP68, có thể ngâm nước ở độ sâu tối đa 6m trong vòng 30 phút.r\n\r Tận hưởng chiếc iPhone màn hình lớn nhất 6.7 inch, nhiều hơn 21% so với bản tiêu chuẩn iPhone 14, smartphone cho mọi thao tác diễn ra dễ dàng và thoải mái.Trải nghiệm còn ấn tượng và sắc nét khi đây là màn hình Super Retina XDR, giúp bạn chìm đắm vào không gian giải trí đỉnh cao, các bộ phim bom tấn mãn nhãn và những trận game bùng nổ, đáp ứng trọn vẹn mọi nhu cầu của người dùng. Thiết kế còn chỉn chu với màn hình siêu mỏng và gọn gàng. Công nghệ True Tone cũng giúp bảo vệ mắt khi có khả năng điều chỉnh màn hình theo ánh sáng của môi trường hiện tại.\r\n\r Camera 12MP + 12MP trên iPhone 14 Plus với cải tiến sáng giá về khả năng chụp thiếu sáng, cho phép bạn sở hữu những tấm ảnh sắc nét, rõ ràng và chân thực trong mọi điều kiện.\r\n\r\n Thỏa sức sáng tạo nội dung video trên iPhone 14 Plus với chống rung OIS và tính năng Action Mode. Điện thoại cho những thước phim chuyên nghiệp sắc nét, dù bạn đang di chuyển hay quay những khung hình “nhọc nhằn” nhiều thao tác.\r\n\r\n iPhone 14 Plus sở hữu con chip siêu cấp Apple A15 Bionic, cho sức mạnh vượt trội, dễ dàng xử lý mọi tác vụ. Khả năng đồ họa ấn tượng hơn khi A15 Bionic trên iPhone 14 Plus có 5 lõi GPU, bản cũ trước đây là 4 lõi GPU. Tận hưởng những màn game mãn nhãn với đồ họa tốt hay các ứng AR trở nên siêu mượt hơn, bạn sẽ thấy sự khác biệt trên thế hệ iPhone 14. Đồng thời, Apple còn tối ưu chip để tản nhiệt tốt hơn, giúp bạn sử dụng thoải mái trong thời gian dài. ', 1, 0),
('Iphone16', 2, 6, 'IPhone 16', 16990000, 4, 200, 'IPhone_16.jpg', 'Còn hàng', 'Trung Quốc', 'Dù trình làng với mức giá phải chăng, iPhone 16e vẫn mang lại trải nghiệm hết sức cao cấp với thiết kế bền bỉ, màn hình Super Retina XDR sắc nét, camera Fusion 48MP, chip A18 mạnh mẽ và đặc biệt là hệ thống Apple Intelligence thông minh. Tất cả giúp bạn tận hưởng công nghệ hàng đầu của Apple theo cách linh hoạt nhất. r\n\r\niPhone 16e được chế tác từ nhôm chuẩn hàng không vũ trụ, đảm bảo độ nhẹ nhàng khi cầm nắm, đồng thời rất bền bỉ trước các sự cố bất ngờ. Toàn bộ màn hình đều được bảo vệ bởi kính Ceramic Shield nhằm giảm thiểu hư hại do va đập. Ngoài ra, sản phẩm còn đạt chuẩn chống nước và bụi, sẵn sàng đồng hành cùng bạn trong mọi điều kiện môi trường.\r\n\r\nApple trang bị nút thêm Tác Vụ tiện dụng bên cạnh iPhone 16e nhằm giúp bạn nhanh chóng khởi chạy ứng dụng yêu thích, kích hoạt chế độ im lặng hoặc truy cập Apple Intelligence chỉ với một thao tác. Cổng USB-C hỗ trợ sạc nhanh và truyền dữ liệu tốc độ cao, giúp bạn kết nối thiết bị theo cách dễ dàng hơn bao giờ hết.\r\n\r\nMàn hình 6.1 inch của iPhone 16e sử dụng công nghệ OLED Super Retina XDR với độ phân giải 2.532 x 1.170 pixels và mật độ điểm ảnh 460 ppi. Những thông số ấn tượng này giúp sản phẩm cung cấp chất lượng hình ảnh siêu sắc nét, diễn đạt màu sắc sống động và độ tương phản ấn tượng.\r\n\r\nSự kết hợp nhịp nhàng giữa chip A18 và iOS 18 giúp iPhone 16e cho thời gian xem video lên đến 26 giờ liên tục. Dù bạn duyệt web, nhắn tin, xem phim hay làm việc trực tuyến một cách liên tục, chiếc điện thoại đảm bảo duy trì thời lượng sử dụng tối đa cho bạn.\r\n\r\nVề hiệu năng, iPhone 16e gây bất ngờ khi mang trong mình Apple A18 - bộ vi xử lý mới và mạnh mẽ nhất của Apple. Từ đó, hãng giúp sản phẩm đạt tốc độ xử lý nhanh và mượt mà thuộc top đầu thị trường hiện nay. Với GPU 4 lõi tích hợp bên trong chip, các tựa game đồ họa cao cấp sẽ chạy cực mượt mà với hiệu ứng hình ảnh chân thực và tốc độ phản hồi siêu nhanh. Đồng thời, con chip này cũng được tinh chỉnh riêng cho Apple Intelligence, giúp bạn trải nghiệm trí tuệ nhân tạo một cách trực quan và mạnh mẽ hơn bao giờ hết.\r\n\r\nCamera Fusion 48MP của iPhone 16e sở hữu sức mạnh của hai camera trong một, giúp bạn chụp ảnh với độ phân giải siêu cao và độ chi tiết ấn tượng.\r\n\r\nVới Telephoto 2x, bạn có thể zoom quang học mà không làm giảm chất lượng hình ảnh. Khả năng quay video 4K với Dolby Vision giúp bạn tạo ra những thước phim chuyên nghiệp với âm thanh sống động, mang lại trải nghiệm hình ảnh chất lượng vượt trội. Ngoài ra, cảm biến camera có khả năng chụp ảnh thiếu sáng tốt hơn, giúp bạn ghi lại những khoảnh khắc đáng nhớ ngay cả trong điều kiện ánh sáng yếu.', 2, 0),
('IPhone16ProMax', 2, 6, 'IPhone 16 Pro Max', 34990000, 11, 200, 'IPhone_16_Pro_Max.jpg', 'Còn hàng', 'Trung Quốc', 'iPhone 16 series với 4 phiên bản: iPhone 16, iPhone 16 Plus, iPhone 16 Pro và iPhone 16 Pro Max đều có sự nâng cấp đáng kể, trong đó đáng chú ý là nút điều khiển camera mới, hệ thống camera tiên tiến, hiệu suất và thời lượng pin vượt trội. Trong đó iPhone 16 là dòng tiêu chuẩn với thiết kế trẻ trung và thời thượng cùng cấu hình mượt mà, giá bán phải chăng nhất. iPhone 16 Plus sở hữu ngoài màn hình lớn và thời lượng sử dụng pin dài hơn bản iPhone 16 thường. Trong đó, đánh dấu bước nhảy vọt về thời lượng pin và sở hữu chip A18 Pro xuất sắc, iPhone 16 Pro Max là siêu phẩm đem lại trải nghiệm vượt trội trên mọi khía cạnh. Sản phẩm gây ấn tượng với viền màn hình siêu mỏng, được trang bị nút Điều Khiển Camera mới và có bộ tính năng Apple Intelligence cực kỳ tiện dụng.\r\n\r\nGây ấn tượng bởi kiểu dáng thanh lịch, iPhone 16 Pro Max có cấu trúc khung vỏ được chế tác kỳ công từ chất liệu Titan Cấp 5 siêu bền và siêu nhẹ. Ngoài ra, Apple cũng cải tiến cấu trúc tản nhiệt bên trong thân máy để duy trì hiệu suất tốt hơn 20% so với thế hệ cũ, đem đến cho người dùng một thiết bị vừa sang trọng, vừa mạnh mẽ.\r\n\r\nNút Điều Khiển Camera ở cạnh phải iPhone 16 Pro Max là tính năng hoàn toàn mới, cho phép chúng ta dễ dàng kích hoạt tác vụ chụp ảnh hoặc quay phim. Bạn chỉ cần vuốt nhẹ ngón tay trên nút bấm này là có thể tinh chỉnh các chức năng nhiếp ảnh như: phơi sáng, độ sâu trường ảnh, chuyển đổi giữa các ống kính hoặc thu phóng kỹ thuật số...\r\n\r\n\r\nCầm iPhone 16 Pro Max trên tay, trải nghiệm quay phim của bạn sẽ được đưa lên tầm cao mới. Sự kết hợp linh hoạt giữa camera Fusion 48MP, chip A18 Pro cùng cảm biến quad-pixel tạo điều kiện để người dùng quay video chất lượng 4K Dolby Vision ở tốc độ 120 fps.\r\n\r\nHệ thống bốn micro chuẩn studio sẽ lọc tạp âm hiệu quả để đạt chất lượng thu âm tốt nhất cho video của bạn. Đặc biệt, iPhone 16 Pro Max còn cung cấp thêm chức năng quay video với Âm Thanh Không Gian, khiến cho thanh âm được diễn đạt đã tai hơn khi bạn thưởng thức bằng tai nghe AirPods.\r\n\r\nNgoài camera Fusion 48MP, iPhone 16 Pro Max giờ đây có thêm camera Ultra Wide 48MP với cảm biến quad-pixel thế hệ mới, cho phép chủ nhân chiếc điện thoại thỏa sức chụp ảnh HEIF hoặc thực hiện các khuôn hình ProRAW với chất lượng siêu cao.\r\n\r\nNgoài ra, camera Telephoto 5x cũng hỗ trợ chụp ảnh với tiêu cự 120mm, hỗ trợ chụp ảnh rõ nét từ khoảng cách xa hơn. Bạn sẽ có nhiều mức khung hình khác nhau để thỏa sức sáng tạo với niềm đam mê nhiếp ảnh của mình, bao gồm từ Macro, 13 mm, 24 mm, 28 mm, 35 mm, 48 mm và 120 mm.', 1, 0),
('LenovoGamingLOQ', 1, 4, 'Lenovo Gaming LOQ - 15IAX9', 22990000, 20, 200, 'Lenovo_Gaming_LOQ-15IAX9.jpg', 'Còn hàng', 'Trung Quốc', 'Ở Lenovo Gaming LOQ - 15IAX9 có sự kết hợp sức mạnh từ vi xử lý Intel Core i5 12450HX với card rời RTX 2050 trong một thiết kế mỏng nhẹ. Diện mạo mạnh mẽ chuẩn khí chất gaming cùng màn hình 144Hz đem đến những trận game mượt mà và trải nghiệm xem phim với những pha chuyển động nhanh chóng mặt.\r\n\r\nLenovo Gaming LOQ - 15IAX9 sở hữu bước nhảy vọt về hiệu suất của laptop chơi game khi được trang bị vi xử lý dòng HX siêu mạnh đến từ Intel. Chipset này sở hữu 8 nhân 12 luồng, trong đó có 4 nhân P tốc độ cao lên đến 4.4GHz, đem đến hiệu suất tương tự máy tính để bàn. Với sức mạnh này, bạn có thể thoải mái làm việc, chơi game, livestream hay các tác vụ đòi hỏi cấu hình phần cứng mạnh. Bên cạnh đó, loạt tính năng tích hợp từ Intel như Turbo Boost, Thread Director cũng giúp các tựa game trở nên mượt mà hơn, tăng tốc độ khung hình, loại bỏ tình trạng giật lag.\r\n\r\nLà một chiếc laptop gaming, trong cấu hình của Lenovo LOQ chắc chắn không thể thiếu card đồ họa rời. Máy được trang bị card RTX 2050 tích hợp công nghệ dò tia (Ray Tracing) trứ danh. Hình ảnh và hiệu ứng trong trò chơi sẽ được tái hiện sống động, chân thực không khác gì trong các bộ phim bom tấn. Công nghệ Ray Tracing mô phỏng hiệu ứng ánh sáng chân thực đến ngỡ ngàng. Hơn nữa, công nghệ Max-Q cũng góp phần tối ưu hóa hiệu suất hệ thống, năng lượng, thời lượng pin và âm thanh để mang đến hiệu quả cao nhất.\r\n\r\nLenovo LOQ 15IAX9 tích hợp hệ thống tản nhiệt đột phá với buồng siêu nhiệt được thiết kế đặc biệt cho việc chơi game. Hệ thống này có hai quạt quay ra ngoài để đẩy nhiệt ra phía sau. Nhờ đó, bạn sẽ không cảm thấy hơi nóng thổi vào tay trong khi đang chơi game. Không chỉ vậy, buồng kín này còn cung cấp thêm 10W năng lượng, giảm nhiệt độ bề mặt xuống 2 độ C và giảm tiếng ồn xuống 2dB. Bạn có thể tập trung tối đa vào trận game bởi mọi thứ sẽ thật yên tĩnh, không có tiếng “rè rè” phát ra.\r\n\r\nMàn hình 15.6 inch, tấm nền IPS và độ phân giải FHD sẽ đưa bạn đắm chìm vào những khung hình thật sự sắc nét, chất lượng ở mọi góc nhìn. Cả 3 viền bezel xung quanh đều được làm mỏng đáng kể để tăng tỷ lệ màn hình trên thân máy, đem đến trải nghiệm giải trí đầy thú vị. Tần số quét 144Hz là một thông số quan trọng với game thủ, đảm bảo chuyển động game diễn ra mượt mà và nhanh chóng.\r\n\r\nBạn sẽ có trải nghiệm gaming thật trọn vẹn với hiệu ứng âm thanh 3D sống động và đã tai đến từ mọi hướng. Có được điều này là do Lenovo Gaming LOQ - 15IAX9 được trang bị hệ thống loa tích hợp công nghệ Nahimic Audio tiên tiến. Bạn sẽ cảm nhận rõ mọi thứ, kể cả các tình huống nhỏ trong trò chơi, đồng thời có những giây phút xem phim, nghe nhạc đầy hấp dẫn.', 0, 0),
('LenovoThinkBook16G6', 1, 4, 'Lenovo ThinkBook 16 G6 IRL ', 19990000, 10, 200, 'Lenovo_ThinkBook_16_G6_IRL.jpg', 'Còn hàng', 'Trung Quốc', 'Nằm trong dòng laptop doanh nhân thế hệ mới của Lenovo, sản phẩm ThinkBook 16 G6 IRL (21KH00Q0VN) sở hữu hiệu năng ấn tượng được cung cấp bởi chip xử lý Intel Core i5 13420H, kết hợp cùng 16GB RAM và ổ cứng SSD 512GB. Đây là sự lựa chọn tối ưu cho những ai đang kiếm tìm một chiếc laptop đáp ứng tốt các tác vụ văn phòng, sở hữu màn hình rộng lớn và có độ cơ động cao.\r\n\r\nVới 8 nhân 12 luồng, chip Intel Core i5 13420H đạt xung nhịp cực đại là 4.6GHz. Bộ vi xử lý này cho phép Lenovo ThinkBook 16 G6 IRL có thể đáp ứng tốt nhu cầu chơi game eSports và không tỏa ra lượng nhiệt quá lớn trong quá trình vận hành. Ngoài ra, mức xung nhịp 4.6GHz đảm bảo xử lý dễ dàng các tác vụ đồ họa như chỉnh sửa ảnh hay render video. Bộ nhớ đệm 12MB cho phép truy xuất dữ liệu nhanh chóng.\r\n\r\nLaptop Lenovo ThinkBook 16 G6 IRL (21KH00Q0VN) dễ dàng tạo thiện cảm ngay từ cái nhìn đầu tiên bởi ngôn ngữ thiết kế lịch thiệp. Nhà sản xuất đã khéo léo kết hợp hai sắc độ của màu xám nhằm tạo nên điểm nhấn trong phong cách trên mặt A sản phẩm. Logo ThinkBook nằm sát ranh giới hai tone màu khiến thiết bị dễ dàng tạo nên nét độc đáo riêng.\r\n\r\nVới không gian hiển thị hình ảnh lớn tới 16 inch, ThinkBook 16 G6 IRL mang tới cho người dùng những khung hình rộng mở, thoải mái quan sát rõ ràng mọi văn bản, dữ liệu, thông số khi làm việc, hoặc thỏa sức thưởng thức trọn vẹn mọi nội dung đã mắt lúc giải trí. Độ phân giải 1.920 x 1.200 pixels và tấm nền IPS chất lượng cao đem lại góc trông ảnh rộng mở và năng lực hiển thị sắc sảo đến từng chi tiết.\r\n\r\nĐược trang bị 16GB RAM DDR5, ThinkBook 16 G6 IRL có thể vận hành mượt mà và đa nhiệm cực tốt các tác vụ phức tạp cùng lúc. Bạn sẽ thoải mái bật mở nhiều tab trình duyệt song song với việc sử dụng các phần mềm nặng cần thiết cho công việc mà không gặp tình trạng load lại gây khó chịu.\r\n\r\nSử dụng Lenovo ThinkBook 16 G6 IRL, bạn có thể thoải mái kết nối laptop với các phụ kiện ngoại vi thông qua hệ thống cổng tương tác đa dạng gồm cổng USB 3.2 Gen 1, cổng USB Type-C và cổng Thunderbolt 4. Jack 3.5mm cho phép kết nối với tai nghe, loa ngoài dễ dàng.\r\n\r\nNgoài ra, laptop ThinkBook 16 G6 IRL còn được tích hợp chuẩn Wi-Fi 6E và Bluetooth 5.3 mang lại trải nghiệm kết nối không dây thuận tiện, dễ dàng, ổn định, đáp ứng tốt nhu cầu giải trí và làm việc của người dùng.\r\n\r\nNếu bạn đang kiếm tìm một chiếc laptop doanh nhân sở hữu màn hình lớn mà vẫn có thời lượng pin dài lâu, thì Lenovo ThinkBook 16 G6 IRL chắc chắn là lựa chọn lý tưởng dành cho bạn. Với viên pin dung lượng tới 71Wh, sản phẩm đáp ứng tốt nhu cầu sử dụng trong ngày, từ làm việc tới giải trí.', 0, 0),
('LEXARM.2256GB', 3, 19, 'Ổ Cứng LEXAR M.2 2280 SATAIII 256GB', 799000, 0, 16, 'Lexar.jpg', 'Còn hàng', 'Trung Quốc', 'Lexar M.2 2280 SATAIII 256GB là lựa chọn tối ưu cho những ai đang tìm kiếm một ổ cứng di động với hiệu suất vượt trội, độ bền cao và đáp ứng mọi nhu cầu sáng tạo, chơi game hay làm việc cường độ cao. Được trang bị công nghệ PCIe Gen3x4 NVMe 1.4 và bộ nhớ flash 3D NAND hiện đại, sản phẩm mang đến sự cải tiến toàn diện so với các dòng ổ cứng truyền thống.\r\n\r\n Với tốc độ đọc lên tới 3500MB/s và tốc độ ghi đạt 3000MB/s, Lexar M.2 2280 SATAIII 256GB vượt xa tốc độ của các dòng SSD SATA truyền thống, nhanh hơn tới 6 lần. Lợi thế này giúp người dùng có được trải nghiệm mượt mà trong mọi tác vụ, từ khởi động hệ điều hành, sao chép dữ liệu lớn, chỉnh sửa video hoặc chơi các tựa game đòi hỏi cao về cấu hình.Sự kết hợp của tốc độ và hiệu năng giúp sản phẩm trở thành trợ thủ đắc lực cho các nhà sáng tạo nội dung, designer, hoặc game thủ chuyên nghiệp, đảm bảo mọi tác vụ đều được xử lý nhanh gọn và hiệu quả.\r\n\r\n Đội ngũ Lexar đã tích hợp công nghệ Low-Density Parity Check (LDPC) vào NM620, giúp cải thiện độ chính xác của việc truyền dữ liệu. Công nghệ này sẽ hỗ trợ phát hiện và sửa lỗi dữ liệu trước khi chúng gây ra sự cố, từ đó đảm bảo các tệp tin của bạn luôn được lưu trữ một cách an toàn và giảm thiểu rủi ro bị mất dữ liệu.Đối với những người cần làm việc với dữ liệu quan trọng, đây là yếu tố then chốt để duy trì hiệu suất cao và bảo vệ thông tin quan trọng khỏi các lỗi không mong muốn trong quá trình sử dụng.\r\n\r\nKhông giống như các ổ cứng HDD truyền thống với bộ phận cơ học, ổ cứng SSD Lexar NM620 được thiết kế không có các phần chuyển động, giúp tăng đáng kể độ bền của sản phẩm. Nhờ vào khả năng chống sốc và chống rung lắc, sản phẩm sẵn sàng hoạt động bền bỉ trong nhiều điều kiện khác nhau, mang lại sự an tâm tuyệt đối khi sử dụng.Với những ai thường xuyên di chuyển hoặc cần lưu trữ dữ liệu trong các môi trường khắc nghiệt, Lexar NM620 là sự lựa chọn đáng tin cậy và lâu dài. \r\n\r\n Ổ cứng Lexar M.2 2280 SATAIII 256GB được thiết kế nhằm đạt hiệu suất tiết kiệm năng lượng tối ưu khi hoạt động. Nhờ thiết kế tiên tiến, sản phẩm tiêu thụ ít điện hơn so với các ổ cứng truyền thống, từ đó kéo dài thời lượng pin cho các thiết bị di động và giúp hệ thống hoạt động mát mẻ hơn.Ưu thế vượt trội này này vừa giúp bạn tiết kiệm năng lượng cho hệ thống khi vận hành, vừa đảm bảo tính ổn định trong suốt quá trình vận hành, phù hợp cho cả laptop lẫn máy tính bàn. \r\n\r\n Lexar NM620 được thiết kế nhằm đáp ứng tốt mọi nhu cầu trải nghiệm của người dùng, từ sáng tạo nội dung như chỉnh sửa video 4K, render hình ảnh đồ họa phức tạp đến chơi các tựa game AAA đòi hỏi tốc độ xử lý cao. Tốc độ vượt trội và dung lượng lưu trữ 256GB giúp bạn dễ dàng quản lý mọi dữ liệu lớn mà không gặp bất kỳ trở ngại nào. Sản phẩm là lựa chọn lý tưởng để nâng cấp hệ thống, tối ưu hiệu suất và biến các ý tưởng sáng tạo của bạn thành hiện thực.\r\n\r\n Tất cả các sản phẩm Lexar, bao gồm ổ cứng SSD NM620, đều phải trải qua quy trình kiểm định nghiêm ngặt tại Lexar Quality Labs trước khi xuất xưởng. Các bài kiểm tra được thực hiện trên hàng nghìn thiết bị kỹ thuật số nhằm đảm bảo sản phẩm đạt tiêu chuẩn cao nhất về hiệu suất, độ bền và tính tương thích. Với tiêu chí kiểm định khắt khe này, bạn có thể hoàn toàn yên tâm khi lựa chọn Lexar NM620 để lưu trữ và bảo vệ dữ liệu quan trọng của mình.\r\n\r\n Ổ cứng SSD Lexar NM620 có thiết kế M.2 2280 nhỏ gọn, giúp bạn dễ dàng tích hợp vào nhiều hệ thống khác nhau. Dù là máy tính để bàn hay laptop, sản phẩm đều dễ dàng lắp đặt mà không chiếm quá nhiều không gian.Sự linh hoạt trong thiết kế đi kèm với hiệu năng vượt trội giúp NM620 trở thành một linh kiện hết sức cần thiết trong hệ thống máy tính hiện đại, hỗ trợ mọi nhu cầu từ công việc đến giải trí.', 11, 4),
('MouseLogitechM275', 5, 15, 'Chuột không dây Logitech M275', 499000, 12, 10, 'ChuotLogitech.jpg', 'Còn hàng', 'Trung Quốc', 'Chuột không dây Logitech M275 là một trong những sản phẩm chuột máy tính nổi bật của Logitech - thương hiệu nổi tiếng với các phụ kiện chất lượng cao. Được thiết kế với mục tiêu mang lại sự thoải mái, tính linh hoạt và độ bền, Logitech M275 có thể đáp ứng tốt mọi nhu cầu của người dùng. Sở hữu kiểu dáng hiện đại, khả năng kết nối không dây ổn định cùng cảm biến quang học chính xác, Logitech M275 chắc chắn sẽ là một lựa chọn đáng để bạn cân nhắc. \r\n', 0, 0),
('MouseRapoo', 5, 17, 'Chuột Bluetooth Rapoo MT760 Mini', 990000, 24, 10, 'ChuotRapoo.jpg', 'Còn hàng', 'Trung Quốc', 'Chuột máy tính là một trong những phụ kiện quan trọng đối với những người cần phải làm việc nhiều trên máy tính hay chơi game. Với sự phát triển không ngừng của công nghệ, các nhà sản xuất đã liên tục cải tiến và cho ra đời những dòng chuột khác nhau để đáp ứng nhu cầu đa dạng của con người. Trong đó chuột bluetooth Rapoo MT760 Mini sở hữu thiết kế công thái học cùng với nhiều tính năng và tiện ích vượt trội chắc chắn sẽ là lựa chọn lý tưởng để nâng cao hiệu suất công việc cũng như giải trí cho người dùng.', 0, 0),
('MSICyborg14', 1, 5, 'MSI Gaming Cyborg 14 A13UDX-099VN ', 25990000, 12, 197, 'MSI_Gaming_Cyborg_14_A13UDX-099VN.jpg', 'Còn hàng', 'Trung Quốc', 'MSI Cyborg A13UDX-099VN là dòng laptop chơi game với thiết kế khác biệt, nổi bật với phần trên bàn phím trong suốt và viền phong cách Cyberpunk hiện đại. Những đặc điểm này không chỉ tạo nên một diện mạo bắt mắt mà còn mang lại trải nghiệm phong cách, tạo được điểm nhấn riêng cho người dùng. Nhờ sự kết hợp hoàn hảo giữa hiệu suất phần cứng vượt trội và thiết kế tinh tế, MSI Cyborg 14 trở thành lựa chọn lý tưởng cho những game thủ chuyên nghiệp.\r\n\r\nMSI Cyborg A13UDX-099VN nổi bật với lớp vỏ nhựa đen nhám, mang đến vẻ ngoài thu hút và đầy cá tính. Với trọng lượng chỉ 1.6 kg, chiếc laptop này nằm trong số những laptop chơi game nhẹ nhất trên thị trường, mang lại sự tiện lợi tuyệt đối khi di chuyển, từ lớp học, văn phòng cho đến các buổi chơi game với bạn bè.\r\n\r\nMSI Cyborg A13UDX-099VN được trang bị bộ vi xử lý Intel Core i7 13620H, mang lại khả năng xử lý mạnh mẽ cho mọi tác vụ từ chơi game đến làm việc đồ họa nặng. Với hiệu suất cao, chiếc laptop này có thể dễ dàng xử lý các tựa game AAA và các ứng dụng đòi hỏi nhiều tài nguyên mà không gặp vấn đề về hiệu năng.\r\n\r\nCard đồ họa NVIDIA GeForce RTX 3050 6 GB của máy nâng cao trải nghiệm chơi game, cho phép hiển thị hình ảnh sống động và sắc nét, tránh tình trạng giật lag. Ngoài ra, nó cũng hỗ trợ các công việc đồ họa phức tạp như chỉnh sửa ảnh, thiết kế video chất lượng cao và render 3D, giúp các tác vụ này trở nên nhanh chóng và hiệu quả hơn.\r\n\r\nMáy có bộ nhớ RAM 16 GB DDR5 5600 MHz, giúp việc đa nhiệm trở nên mượt mà. Người dùng có thể chuyển đổi giữa nhiều ứng dụng một cách dễ dàng mà không lo lắng về hiện tượng chậm trễ. Hơn nữa, laptop còn hỗ trợ nâng cấp RAM lên tới 96 GB, đảm bảo khả năng đáp ứng nhu cầu sử dụng cao trong tương lai.\r\n\r\nHệ thống tản nhiệt Cooler Boost của MSI Cyborg A13UDX-099VN được tối ưu hóa với hai ống đồng và một quạt thổi đặt ở cạnh trái. Dù có thiết kế đơn giản, nhưng các kỹ sư đã tinh chỉnh mức tiêu thụ điện năng của phần cứng để phù hợp với hệ thống tản nhiệt này, đảm bảo máy luôn mát mẻ và hoạt động ổn định trong suốt quá trình sử dụng.\r\n\r\nMSI Cyborg A13UDX-099VN sở hữu màn hình IPS 14 inch với độ phân giải Full HD+ (1920 x 1200), mang lại hình ảnh sắc nét và sống động. Công nghệ IPS cho phép màn hình hiển thị hình ảnh rõ ràng và chi tiết từ mọi góc nhìn, giúp bạn có trải nghiệm hình ảnh tuyệt vời ở mọi tư thế. Tần số quét 144 Hz giúp loại bỏ hoàn toàn hiện tượng xé hình và nhiễu động, mang lại trải nghiệm game mượt mà và xem phim hoàn hảo.\r\n\r\nMSI Cyborg A13UDX-099VN dễ dàng thu hút sự chú ý với bàn phím được trang bị đèn nền xanh dương đơn sắc. Thiết kế này không chỉ tạo cảm giác dễ chịu cho mắt mà còn mang đến vẻ hiện đại, phong cách cho chiếc laptop. Cụm phím WASD, quan trọng đối với game thủ FPS, được làm từ nhựa trong suốt, cho phép ánh sáng LED xuyên qua, tạo điểm nhấn nổi bật và giúp game thủ dễ dàng định vị các phím quan trọng trong điều kiện ánh sáng yếu.\r\n\r\nMSI Cyborg A13UDX-099VN được trang bị nhiều cổng kết nối đa dạng, bao gồm cổng LAN, USB 3.2, HDMI, jack tai nghe 3.5 mm và USB Type-C. Thiết kế này cho phép bạn kết nối dễ dàng với các thiết bị ngoại vi như màn hình, loa, chuột, bàn phím và tai nghe, mang đến sự tiện lợi và linh hoạt trong quá trình sử dụng. ', 18, 3),
('MSIKatana15', 1, 5, ' MSI Gaming Katana 15 B13VFK-676VN', 31990000, 17, 200, 'MSI_Gaming_Katana_15_B13VFK-676VN.jpg', 'Còn hàng', 'Trung Quốc', 'MSI Gaming Katana 15 B13VFK-676VN là chiếc laptop chơi game khởi đầu cho thế hệ mới 2023 với CPU Intel Core i7 13620H và card đồ họa RTX 4060. Phần cứng mới nhất, mạnh mẽ nhất sẽ giúp bạn chinh phục những tựa game đỉnh cao một cách hoàn mỹ.\r\n\r\nMột chân trời mới về đồ họa sẽ mở ra trước mắt bạn với GPU RTX 4060 có mặt trên MSI Gaming Katana 15 B13VFK-676VN. Những tựa game hàng đầu sẽ được tái hiện theo cách chân thực nhất với những hiệu ứng, ánh sáng sống động nhờ kiến trúc Ada Lovelace mới nhất từ NVIDIA RTX 4000 series. Hiệu suất của RTX 4060 tương đương với RTX 3070 Ti nhưng được hỗ trợ mạnh mẽ hơn bởi AI, cho tốc độ khung hình nhanh và ổn định hơn, trải nghiệm thực tế ảo mãn nhãn hơn. Bạn sẽ có thể tận hưởng những tựa game AAA ở thiết lập đồ họa Ultra tuyệt đẹp.\r\n\r\nMSI Gaming Katana 15 B13VFK-676VN là một trong những laptop đầu tiên mang trên mình sức mạnh từ bộ vi xử lý Intel thế hệ thứ 13 Raptor Lake mới nhất. Con chip Intel Core i7 13620H dường như phá vỡ mọi giới hạn về hiệu suất của một sản phẩm di động. Với tổng cộng 10 nhân và 16 luồng, trong đó có 6 nhân hiệu năng tốc độ xung nhịp tối đa 4.90 GHz, MSI Gaming Katana 15 B13V mạnh hơn những chiếc laptop chạy i7 gen 12 tới 15%, đủ sức để chạy tác vụ đa nhiệm chuyên nghiệp hay những game cấu hình cao hàng đầu.\r\n\r\nĐôi khi chiến thắng chỉ đến với bạn trong từng khoảnh khắc. Laptop MSI Gaming Katana 15 B13VFK-676VN hiểu điều đó và trang bị cho bạn màn hình tần số quét cao 144Hz, sẵn sàng bắt kịp những chuyển động dù là nhỏ nhất. Bạn sẽ không bỏ lỡ bất cứ pha hành động nào khi tần số cực nhanh của màn hình sẽ được đồng bộ với khung hình của phần cứng, cho fps cao và ổn định. Chất lượng hiển thị cũng rất tuyệt vời với tấm nền IPS 15,6 inch Full HD tràn viền, tha hồ tận hưởng những tựa game mãn nhãn.\r\n\r\nThoải mái chơi game trong thời gian dài mà không lo laptop sụt giảm hiệu năng do quá nhiệt. Đơn giản là vì MSI Gaming Katana 15 B13V mang trên mình công nghệ tản nhiệt mới Cooler Boost 5 đột phá. Công nghệ này thiết kế ống dẫn nhiệt chung mới cho cả CPU và GPU, kết hợp 2 quạt và 6 ống dẫn nhiệt, tăng khả năng tản nhiệt đáng kể, giảm tải áp lực tối đa cho những phần cứng quan trọng. Nhờ vậy, bạn có thể thoải mái chơi những tựa game nặng mà không bị nóng máy.\r\n\r\nMSI Gaming Katana 15 B13VFK-676VN không bao giờ để bạn phải chờ đợi nhờ những linh kiện mới nhất, nhanh nhất trong cuộc chơi tốc độ. 16GB RAM chuẩn mới DDR5 5200MHz có khả năng đọc/ghi cực nhanh, tạo môi trường bộ nhớ đệm để chơi game và đa nhiệm mượt mà. Trong khi đó ổ SSD 1TB chuẩn PCIe Gen 4 giúp người dùng tải game hay cả các ứng dụng nặng trong chớp mắt với tốc độ băng thông tối đa lên tới 7.88 GB/s.\r\n\r\nÂm thanh là một phần quan trọng trong trải nghiệm giải trí đúng nghĩa. Trên MSI Gaming Katana 15 B13V, bạn có thể đắm chìm vào bữa tiệc âm nhạc với âm thanh chất lượng cao Hi-Res Audio hay những bản nhạc lossless. Bên cạnh đó, laptop còn có tính năng mô phỏng âm thanh vòm 3D & Sound Sharing (qua Bluetooth) của công nghệ âm thanh Nahimic 3, mang đến chất âm sống động hơn bao giờ hết.', 0, 0),
('MSIModern14', 1, 5, 'MSI Modern 14 H D13MG-217VN', 21990000, 20, 200, 'MSI_Modern_14_H_D13MG-217VN.jpg', 'Còn hàng', 'Việt Nam', 'Được chế tác nhằm đáp ứng mọi nhu cầu làm việc của giới sáng tạo, MSI Modern 14 H D13MG-217VN ghi điểm nhờ chip Intel Core i7-13700H thế hệ 13 mạnh mẽ, màn hình 14 inch FHD+ tỉ lệ vàng 16:10, Wi-Fi 6E tốc độ cao cùng hàng loạt tính năng bảo mật và kết nối hiện đại.\r\n\r\nVới 14 nhân 20 luồng, Intel Core i7-13700H tối ưu năng lực đa nhiệm của laptop, cho phép bạn sử dụng song song nhiều phần mềm một cách mượt mà. Với xung nhịp cực đại chạm ngưỡng 5.0GHz, laptop đảm bảo tốc độ xử lý nhanh chóng, giúp bạn tăng hiệu suất công việc và tiết kiệm đáng kể thời gian.\r\n\r\nKhông gian hiển thị 14 inch của MSI Modern 14 H D13MG-217VN có độ phân giải Full HD+ (1920 x 1200 pixels) và được thiết kế với tỉ lệ 16:10 – gia tăng diện tích hiển thị và giúp bạn làm việc với bảng tính, tài liệu hoặc chỉnh sửa ảnh dễ dàng hơn so với màn hình 16:9 truyền thống.\r\n\r\nVề trải nghiệm tương tác không dây, MSI tích hợp cho laptop Modern 14 H D13MG-217VN công nghệ kết nối Wi-Fi 6E mới nhất hiện nay. Nhờ băng tần 6GHz, Wi-Fi 6E cho tốc độ tải xuống cực nhanh, giúp bạn truyền tải file lớn, xem video trực tuyến mượt mà, họp Zoom và làm việc từ xa không gián đoạn.\r\n\r\nNắp che webcam vật lý của MSI Modern 14 H D13MG-217VN là chi tiết nhỏ nhưng cần thiết để bảo vệ hình ảnh cá nhân của bạn khỏi những ánh mắt nhòm ngó từ hacker và các cuộc tấn công bằng mã độc. Khi không có nhu cầu video call, bạn có thể trượt nắp che lại để bảo vệ camera, tránh bị xâm nhập trái phép.\r\n\r\nMSI Modern 14 H D13MG-217VN cung cấp cho người dùng hệ thống cổng kết nối đa dạng, giúp bạn làm việc hiệu quả mà không cần phải mua thêm hub chuyển đổi. Trong đó bao gồm cổng Thunderbolt 4 (hỗ trợ PD 3.0 Charging), cổng HDMI™ 2.1 (hỗ trợ xuất 4K@60Hz), cổng USB 3.2 Gen 1 và Jack Audio.\r\n\r\nNhằm đảm bảo độ bền và sự ổn định, MSI Modern 14 H D13MG-217VN đã trải qua nhiều bài kiểm tra khắc nghiệt theo tiêu chuẩn quân đội MIL-STD-810H. Nhờ vậy, chiếc laptop có thể chịu được rung động, nhiệt độ cao, độ ẩm và va đập nhẹ, tối ưu độ bền trong quá trình sử dụng lâu dài.', 5, 0),
('MSIPrestige13', 1, 5, 'MSI Prestige 13', 33990000, 0, 200, 'MSI_Prestige_13.jpg', 'Còn hàng', 'Trung Quốc', 'Với Prestige 13 AI+ Evo A1MG-062VN, MSI góp phần nâng cao tiêu chuẩn của dòng laptop doanh nhân. Trên sản phẩm này, hãng mang tới thiết kế siêu nhẹ và sang trọng, đạt chuẩn Intel Evo Platform. Ngoài ra, thiết bị còn sở hữu cấu hình mạnh mẽ với chip Intel Ultra 7 155H và màn hình OLED 2.8K, đáp ứng tốt nhu cầu làm việc chuyên nghiệp.\r\n\r\nKiểu dáng tinh xảo, siêu nhẹ và siêu bền\r\nLà dòng laptop cao cấp hướng tới đối tượng doanh nhân và người dùng chuyên nghiệp, MSI Prestige 13 AI Evo A1MG-062VN ghi điểm với diện mạo thanh lịch và bền bỉ. Khung máy được chế tạo từ hợp kim nhôm cao cấp, mang đến sự chắc chắn, sang trọng nhưng vẫn đảm bảo trọng lượng siêu nhẹ chỉ 0.99kg, giúp bạn dễ dàng mang theo trong mọi chuyến công tác.\r\n\r\nVới kích thước nhỏ gọn 299 x 210 x 16.9 mm, chiếc laptop rất thuận tiện di chuyển, giúp bạn làm việc linh hoạt ở bất cứ đâu. Độ bền cũng là điểm mạnh của MSI Prestige 13 khi sản phẩm trải qua nhiều bài kiểm định khắt khe về khả năng chịu va đập, áp suất, độ ẩm, đảm bảo độ bền bỉ theo tiêu chuẩn MIL-STD-810G của quân đội Mỹ.', 0, 0),
('OPPOA3', 2, 9, 'OPPO A3', 6490000, 11, 200, 'OPPO_A3.jpg', 'Còn hàng', 'Trung Quốc', 'OPPO A3 sở hữu giá bán hợp lý với thiết kế hiện đại cùng hiệu suất vượt trội bởi chipset mượt mà Snapdragon 6s 4G Gen 1, pin 5.100mAh, hỗ trợ sạc nhanh 45W và bộ nhớ 256GB, rất phù hợp dành cho người dùng trẻ năng động. Đặc biệt, thiết bị còn bền bỉ khi đạt chuẩn độ bền quân đội và tích hợp kháng bụi/nước IP54, giúp bạn sử dụng dài lâu.\r\n\r\nMặc dù năm trong phân khúc tầm trung giá rẻ, nhưng OPPO A3 vẫn được đầu tư chỉn chu vẻ ngoài với thiết kế hiện đại, sắc màu sang trọng và kiểu dáng mỏng nhẹ 7.68mm, trọng lượng 186g. Điện thoại có mặt lưng chế nhám, hạn chế dấu vân tay kết hợp cùng cụm camera hình vuông tương tự các flagship cao cấp, giúp người dùng nổi bật hơn. Về màu sắc, OPPO A3 có 2 phiên bản sang trọng, tinh tế, dễ dàng phù hợp với mọi người dùng là trắng và đen.\r\n\r\nChú trọng vào độ bền, OPPO A3 được trang bị khả năng kháng bụi và kháng nước đạt chuẩn IP54, một tính năng quan trọng giúp thiết bị hoạt động ổn định trong nhiều điều kiện môi trường khác nhau. Chuẩn IP54 là một tiêu chuẩn quốc tế, đảm bảo rằng OPPO A3 có thể chống lại hầu hết các loại bụi xâm nhập vào bên trong, giữ cho các linh kiện luôn được bảo vệ và hoạt động trơn tru. Không chỉ kháng bụi, OPPO A3 còn có khả năng chống phun nước từ mọi hướng. Tính năng này giúp bảo vệ điện thoại khỏi những tình huống như bị bắn nước, mưa nhẹ, hoặc vô tình đổ nước lên thiết bị. Đây là một trong những yếu tố quan trọng khiến OPPO A3 trở thành một lựa chọn lý tưởng cho những ai tìm kiếm một chiếc smartphone bền bỉ, sử dụng dài lâu.\r\n\r\n\r\nViên pin lớn là một trong những tiêu chí được nhiều người dùng quan tâm. OPPO A3 sở hữu viên pin đến 5.100mAh, đáp ứng nhu cầu sử dụng đến 2 ngày cho người dùng. Theo OPPO, OPPO A3 mang tới 9 giờ chơi PUBG liên tục trong một lần sạc đầy. Khi không sử dụng máy, bạn có thể để chế độ chờ với thời gian lên đến 14 ngày.\r\n\r\n OPPO A3 có màn hình cải tiến so với các thế hệ cũ cùng thiết kế “đục lỗ” thay vì “giọt nước”. Kiểu thiết kế này sẽ tối ưu không gian hiển thị tấm nền LCD 6.7 inch, cho phép người dùng thao tác thoải mái và trải nghiệm mãn nhãn, chi tiết sắc nét, sống động. Điện thoại có tần số quét 90Hz, độ sáng tới 1000nits giúp từng chuyển cảnh diễn ra nhanh chóng, chi tiết rõ ràng ngay cả khi sử dụng ở ngoài trời nắng gắt.\r\n\r\n Nếu bạn là người dùng thường xuyên bận rộn, OPPO A3 sẽ là thiết bị đồng hành lý tưởng. Điện thoại có sạc nhanh 45W, tiết kiệm thời gian sạc tối ưu. Cụ thể, OPPO A3 sạc 15 phút đã có 30% và sạc 74 phút đầy 100% pin. Nếu lỡ quên sạc vào tối hôm trước, bạn có thể tận dụng trong thời gian chuẩn bị vào sáng hôm sau để sạc pin nhanh chóng, sẵn sàng cho các hoạt động trong ngày.\r\n\r\n Về hiệu năng, OPPO A3 được trang bị chip Snapdragon 6s Gen 1 phiên bản 4G tiến trình 11nm từ Qualcomm, mang đến hiệu suất ổn định cho các tác vụ hàng ngày. Con chip này không chỉ giúp xử lý nhanh chóng các nhiệm vụ học tập, tìm kiếm thông tin mà còn đảm bảo trải nghiệm giải trí mượt mà sau những giờ học căng thẳng. Điều này làm cho OPPO A3 trở thành một lựa chọn lý tưởng cho học sinh, sinh viên - những người cần một chiếc smartphone vừa phục vụ học tập, vừa giải trí thư giãn.\r\n\r\nHiểu được nhu cầu lưu trữ ảnh và video của người dùng Gen Z ngày càng cao, OPPO A3 được trang bị dung lượng bộ nhớ ấn tượng lên đến 256GB. Người dùng có thể thoải mái lưu giữ tất cả thông tin, tài liệu học tập, và hàng loạt video, hình ảnh từ các nền tảng mạng xã hội như TikTok, Instagram mà không lo lắng về việc thiếu dung lượng. Điều này đặc biệt hữu ích đối với Gen Z, thế hệ thường xuyên sáng tạo nội dung và ghi lại những khoảnh khắc đáng nhớ trong cuộc sống hàng ngày.\r\n\r\nOPPO A3 có camera chính độ phân giải 50MP, mang đến chất lượng hình ảnh sắc nét và chi tiết. Người dùng có thể dễ dàng chụp lại những khoảnh khắc đẹp trong cuộc sống, từ những bức ảnh thường ngày đến những khung hình yêu thích trong các chuyến du lịch. Camera 50MP của OPPO A3 còn hỗ trợ tốt trong việc chụp các tài liệu học tập để bạn lưu giữ thông tin một cách rõ ràng và chính xác. Đi kèm đó là camera selfie 5MP, hỗ trợ làm đẹp AI, mang tới tấm ảnh đẹp rạng ngời nhưng vẫn giữ được các nét tự nhiên trên gương mặt.', 0, 0),
('OPPOReno13F5G', 2, 9, ' OPPO Reno13 F 5G', 10990000, 5, 200, 'Oppo_Reno13_F_5G.jpg', 'Còn hàng', 'Trung Quốc', 'OPPO Reno13 F 5G cho hiệu năng mượt mà và kết nối 5G trực tuyến nhanh hơn cùng chip Snapdragon 6 Gen 1. Điện thoại còn ghi điểm bởi trọn bộ AI vượt trội và thiết kế cánh bướm lung linh. Đây là lựa chọn của Gen Z năng động yêu thích sáng tạo, nhiếp ảnh và khám phá công nghệ mới.\r\n\r\n Lấy cảm hứng từ vẻ đẹp mềm mại của cánh bướm, phiên bản màu tím Reno13 F sở hữu thiết kế mới đầy táo bạo, kết hợp hoàn hảo giữa công nghệ và thời trang. \r\n\r\n Bên cạnh đó, Reno13 F 5G còn có phiên bản màu đen sang trọng, có lớp phủ mờ chống dấu vân tay, giúp toàn bộ thiết kế chạm đến hoàn mỹ. Máy có độ mỏng chỉ 7.76mm và trọng lượng nhẹ nhàng 192g, tạo nên tổng thể thanh lịch, hiện đại và thoải mái khi cầm nắm, sử dụng trong thời gian dài.\r\n\r\nOPPO Reno13 F 5G mang đến cho bạn trải nghiệm hình ảnh tuyệt vời với màn hình OLED 6.67 inch, chiếm tỷ lệ lên đến 92.2%, giúp bạn chìm đắm trong từng chi tiết sắc nét. Với khả năng tái tạo 16.7 triệu màu sắc, mỗi hình ảnh và video hiển thị trên màn hình đều sống động, chân thực và sắc sảo. Đặc biệt, màn hình của Reno13 F còn được trang bị tần số quét 120Hz, cho các thao tác cuộn, lướt diễn ra mượt mà, chơi game ấn tượng.\r\n\r\n OPPO Reno13 F 5G sở hữu một hệ thống camera mạnh mẽ, gồm camera chính 50MP, camera góc siêu rộng 8MP và camera kính hiển vi 2MP, mang đến khả năng chụp ảnh sắc nét và chi tiết ở mọi góc độ. Nhờ vào các cảm biến cao cấp, bạn có thể dễ dàng ghi lại những bức ảnh với màu sắc sống động và chi tiết rõ ràng, từ những cảnh vật xa đến những chi tiết vi mô.\r\n\r\n Reno13 F 5G sử dụng chip Snapdragon 6 Gen 1, đi kèm 12GB RAM và 256GB bộ nhớ trong. Được biết, chip Snapdragon 6 Gen 1 được sản xuất trên tiến trình 4nm, giúp tối ưu hóa hiệu suất và tiết kiệm năng lượng. Chip này sở hữu 8 nhân, bao gồm 4 nhân Cortex-A78 có tốc độ 2.2GHz cho hiệu suất cao và 4 nhân Cortex-A55 tiết kiệm điện với tốc độ 1.8GHz. So với thế hệ trước, CPU của Snapdragon 6 Gen 1 mang đến hiệu suất tăng 30%, trong khi GPU cũng được cải thiện với mức tăng 35%, giúp bạn có trải nghiệm mượt mà hơn trong các tác vụ hàng ngày và chơi game.\r\n\r\n Đồng thời với sự hỗ trợ của thuật toán AI tiên tiến, AI HyperBoost tối ưu hóa hiệu năng thiết bị, ổn định khung hình và kiểm soát nhiệt độ hiệu quả. Nhờ vào khả năng quản lý tài nguyên thông minh, AI HyperBoost mang đến trải nghiệm gaming mượt mà, không gián đoạn, phù hợp với mọi tình huống sử dụng. Đặc biệt, công nghệ này đã được chứng nhận bởi TÜV SÜD, tổ chức kiểm định uy tín của Đức, bảo đảm chất lượng và hiệu suất vượt trội.\r\n\r\n Với viên pin lớn 5.800mAh, OPPO Reno13 F 5G vượt trội trong phân khúc điện thoại mỏng nhẹ. Công nghệ pin Silicon-Carbon thế hệ mới giúp tăng mật độ năng lượng, cho phép duy trì hiệu suất cao mà không làm tăng trọng lượng máy. Dòng pin này không chỉ mang lại thời gian sử dụng dài lâu mà còn sở hữu khả năng sạc nhanh 45W, tiết kiệm thời gian sạc hiệu quả cho người dùng. Hơn nữa, với tuổi thọ bền như mới trong suốt 4 năm, bạn có thể yên tâm sử dụng Reno13 F 5G trong thời gian dài mà không lo về hiệu suất pin.', 1, 0),
('PhimLogitech', 5, 15, 'Bàn phím có dây Logitech K120', 180000, 0, 4, 'PhimLogitech.jpg', 'Còn hàng', 'Trung Quốc', 'Bàn phím có dây Logitech K120 là một lựa chọn tuyệt vời cho những người đang tìm kiếm một bàn phím đơn giản, hiệu quả và bền bỉ. Nhờ thiết kế tối giản và chất lượng vượt trội, bàn phím này mang đến sự thoải mái trong việc gõ chữ, nhập liệu, nhất là những ai thường xuyên làm việc với dữ liệu.', 0, 0),
('RAMDesktopG.Skill', 3, 14, 'RAM Desktop G.Skill 8GB DDR4 3200MHz', 699000, 14, 5, 'GSkill.jpg', 'Còn hàng', 'Trung Quốc', 'G.SKILL Ripjaws V 8GB DDR4 3200MHz là một sản phẩm bộ nhớ DDR4 có dung lượng dồi dào và tốc độ cao. RAM còn có thêm tản nhiệt hầm hố bên ngoài để giữ cho nhiệt độ và hiệu năng ổn định trong thời gian dài.\r\n\r\n Mặc dù không có dải đèn LED ấn tượng, G.SKILL Ripjaws V 8GB DDR4 3200MHz vẫn sở hữu một kiểu dáng vô cùng hầm hố với bộ tản nhiệt kích thước lớn và thiết kế đối xứng hiện đại. Việc lựa chọn thanh RAM này sẽ giúp bạn tạo ra những hệ thống đầy thẩm mỹ và đậm chất gaming. \r\n\r\n Mọi thành phần tạo ra G.SKILL Ripjaws V 8GB DDR4 3200MHz đã được hãng lựa chọn một cách cẩn thận. Ngoài ra, G.SKILL còn áp dụng quy trình kiểm tra nghiêm ngặt để đảm bảo khả năng tương thích tối đa cho các sản phẩm bộ nhớ của họ. Vì vậy, bạn có thể gắn thanh RAM này lên hầu hết các bo mạch chủ DDR4 mà không gặp bất cứ hạn chế nào. \r\n\r\n Bên cạnh dung lượng bộ nhớ DDR4 lên đến 8GB, sản phẩm của G.SKILL còn nổi bật với tốc độ bus cao lên đến 3200MHz và độ trễ cực thấp. Chỉ cần bo mạch chủ hỗ trợ, người dùng có thể dễ dàng tận dụng tối đa sức mạnh và khả năng truyền dữ liệu nhanh chóng của Ripjaws V 8GB DDR4 3200MHz để tối ưu hoá hiệu suất cho dàn PC của mình. \r\n\r\n Với mỗi thanh RAM như G.SKILL Ripjaws V 8GB DDR4 3200MHz, người dùng sẽ có thêm 8GB dung lượng bộ nhớ để giúp cải thiện nhanh chóng hiệu suất cho hệ thống. Nhiều RAM hơn sẽ đảm bảo PC có khả năng xử lý đa tác vụ dễ dàng và mượt mà hơn. Việc mở cùng lúc nhiều trang web, chơi game và kết xuất video đều không còn gặp trở ngại nữa. \r\n\r\n Sản phẩm RAM G.SKILL luôn nổi tiếng về khả năng ép xung và Ripjaws V 8GB DDR4 3200MHz cũng không có ngoại lệ. Thanh RAM này được lập trình với cấu hình Intel XMP 2.0, do đó bạn có thể dễ dàng kích hoạt cấu hình XMP trong BIOS để đạt đến tốc độ tối đa của bộ nhớ DDR4 trong nháy mắt. Vì vậy, bạn có thể thoả sức khám phá sức mạnh không giới hạn trên dàn PC của mình mà không cần phải là một \"vọc thủ\" chuyên nghiệp.', 0, 0);
INSERT INTO `tbl_sanpham` (`MaSP`, `MaLoai`, `MaTH`, `TenSanPham`, `GiaGoc`, `TiLeGiam`, `TonKho`, `HinhAnh`, `TinhTrang`, `XuatXu`, `MoTa`, `LuotXem`, `LuotMua`) VALUES
('RamLT8GBDDR54800', 3, 13, 'RAM Laptop Kingston 8GB - DDR5 - 4800MHz', 990000, 20, 20, 'Ram_Kingston.jpg', 'Còn hàng', 'Trung Quốc', 'RAM Kingston KVR48S40BS6-8 là giải pháp nâng cấp hoàn hảo dành cho laptop với chuẩn DDR5. Sản phẩm đem lại hiệu suất mạnh mẽ, băng thông ấn tượng cùng khả năng tiết kiệm điện tối ưu. Với dung lượng 8GB cùng tốc độ bus 4800MHz, sản phẩm đáp ứng tốt nhu cầu đa nhiệm đồng thời phù hợp cho các tác vụ từ cơ bản đến nâng cao.\r\n\r\nSở hữu chuẩn DDR5 mới nhất, RAM Kingston 8GB KVR48S40BS6-8 mang đến những cải tiến đáng kể so với các thế hệ trước. Nhờ tăng dung lượng bộ nhớ tối đa và hiệu suất vượt trội, DDR5 giúp cải thiện khả năng xử lý, đặc biệt là khi phải đối mặt với các tác vụ phức tạp.Băng thông được gia tăng đáng kể, cùng với khả năng ép xung ấn tượng, giúp bạn tận dụng tối đa sức mạnh của hệ thống. Sản phẩm này phù hợp với người dùng phổ thông, đồng thời đáp ứng tốt nhu cầu của giới game thủ và những ai làm các công việc chuyên sâu như lập trình, thiết kế hay chỉnh sửa video.\r\n\r\nVới dung lượng 8GB, RAM Kingston DDR5 đáp ứng tốt các nhu cầu sử dụng đặc thù. Mức dung lượng này đủ để cung cấp hiệu suất đa nhiệm mượt mà, xử lý tốt các tác vụ hàng ngày như duyệt web, soạn thảo văn bản và chơi game. Đối với người dùng không cần quá nhiều tài nguyên hệ thống, 8GB RAM là lựa chọn lý tưởng giúp máy chạy ổn định mà không bị giật lag.Một trong những điểm nhấn về công nghệ của bộ RAM Kingston KVR48S40BS6-8 là tốc độ bus 4800MHz – thông số hết sức ấn tượng trong phân khúc RAM laptop phổ thông. Tốc độ bus cao đồng nghĩa với khả năng truyền tải dữ liệu nhanh hơn, giúp cải thiện đáng kể hiệu suất hệ thống.Dù bạn có nhu cầu sử dụng laptop để làm việc, giải trí, hay học tập, tốc độ xử lý nhanh chóng của RAM Kingston đều giúp tăng tốc hiệu suất tổng thể, mang lại trải nghiệm mượt mà và tiết kiệm thời gian cho bạn.\r\n\r\nRAM Kingston DDR5 8GB được thiết kế với điện áp chỉ 1.1V, giúp giảm lượng điện năng tiêu thụ và tối ưu hóa mức sử dụng năng lượng. Yếu tố này đảm bảo hệ thống của bạn hoạt động ổn định, đồng thời giúp laptop luôn mát mẻ, kéo dài tuổi thọ các linh kiện và giảm thiểu nguy cơ quá nhiệt.\r\n\r\nVới độ trễ CAS 40, Kingston KVR48S40BS6-8 đảm bảo thời gian chờ của RAM được rút ngắn và gia tăng tốc độ xử lý dữ liệu. Đây là yếu tố quan trọng đối với những ai đòi hỏi sự mượt mà và chính xác trong các ứng dụng yêu cầu cao như xử lý đồ họa, chơi game hoặc lập trình.\r\n\r\nRAM Kingston 8GB DDR5 được đánh giá cao về độ bền và tính tương thích. Nhờ thiết kế chuẩn mực, sản phẩm rất dễ dàng lắp đặt và tương thích với hầu hết các dòng laptop hiện nay. Đây là lựa chọn linh kiện đáng tin cậy giúp bạn cải thiện hiệu suất hệ thống mà không cần bận tâm nhiều về yếu tố kỹ thuật.', 0, 0),
('SamsungGalaxyA555G', 2, 8, 'Samsung Galaxy A55 5G', 9990000, 20, 200, 'Samsung_Galaxy_A55_5G.jpg', 'Còn hàng', 'Trung Quốc', 'Vẻ ngoài hiện đại, khung viền kim loại bền bỉ, sang trọng kết hợp sắc màu thời thượng, Samsung Galaxy A55 mang tới trải nghiệm thiết kế cao cấp cho người dùng. Đồng thời, sự có mặt của các công nghệ chụp ảnh tiên tiến, hiệu năng mạnh, bảo mật nâng cao Knox Vault và màn hình hàng đầu sẽ giúp người dùng tận hưởng những điều tuyệt vời nhất trên thế hệ Galaxy A mới.\r\n\r\nTrên tay Samsung A55, người dùng sẽ có ấn tượng mạnh bởi đa sắc màu trẻ trung, thời thượng kết hợp với khung máy kim loại bền bỉ. Phần mặt sau và mặt trước còn sử dụng kính cường lực thế hệ mới Corning Gorilla Victus+, đảm bảo sự chắc chắn, vừa bảo vệ máy tối ưu, vừa mang tới tổng thể hài hòa, hiện đại và sang trọng. Các sắc màu có trên Samsung Galaxy A55 bao gồm: Tím Lilac, Xanh Đen Navy và Xanh Iceblue để người dùng dễ dàng chọn được phiên bản màu cá tính dành cho mình.\r\n\r\n  Gặp gỡ bộ 3 camera 50MP (chính) + camera 12MP (góc siêu rộng) và camera 5MP (cận cảnh) trên Samsung Galaxy A55 5G bạn sẽ cảm thấy thú vị và yêu thích chụp ảnh hơn bao giờ. Những cải tiến mới về camera đưa người dùng vào một không gian nhiếp ảnh chuyên nghiệp và sáng tạo không giới hạn.\r\n\r\n\n Trong đó, camera chính 50MP, tích hợp chống rung OIS sẽ “hóa thân” thành một “cạ cứng” thân thiết với bạn cho các góc ảnh rõ ràng, sắc màu chuẩn nét khi chụp đủ sáng và giảm độ nhiễu gấp 4 lần khi chụp vào ban đêm, để mọi khung ảnh đều trở thành những khoảnh khắc tươi đẹp và quý giá nhất. \r\n\r\n Samsung Galaxy A55 được trang bị công nghệ chống rung quang học (OIS) và tính năng ổn định hình ảnh kỹ thuật số video (VDIS), cố định khung hình vững chắn để hình ảnh ghi lại mượt mà và sống động ngay cả khi đang di chuyển. Ngoài ra, Samsung A55 có thêm chế độ Super HDR cho khung hình “tỏa sáng” ở nhiều môi trường ánh sáng khác nhau nhờ màu sắc và độ tương phản đã được tối ưu hóa. Chính vì vậy, ngay cả trong điều kiện thiếu sáng, người dùng cũng không lắng lo các thước phim bị mờ, nhòe.\r\n\r\n Tận dụng sức mạnh từ bộ xử lý 4nm Exynos 1480, đi kèm 8GB RAM và 128GB bộ nhớ trong, điện thoại đảm bảo đa tác vụ mượt mà, gaming ấn tượng và phát trực tuyến một cách dễ dàng. Sự đồng hành cùng công nghệ 5G còn cho tốc độ được đẩy cao để mọi hoạt động diễn ra nhanh chóng. Khi bạn gaming trên Samsung A55 sẽ rất thích vì từng thao tác đều được hệ thống xử lý đơn giản. Điện thoại cũng có hỗ trợ mở rộng thẻ nhớ qua microSD lên đến 1TB để người dùng sử dụng khi cần thiết.\r\n\r\n Samsung Galaxy A55 5G sở hữu màn hình 6.6 inch, FHD+, độ sáng 1000 nit, Super AMOLED sắc nét và rõ ràng. Nhờ vậy, bạn sẽ thỏa thích giải trí trên Galaxy A55 5G, đắm chìm trong không gian âm nhạc, phim ảnh và dễ dàng tận hưởng, thưởng thức những chương trình hấp dẫn mới trên mạng xã hội sau ngày học tập, làm việc chăm chỉ. Chưa hết, từng chuyển cảnh, thao tác vuốt, cuộn hay chạm còn diễn ra nhanh chóng bởi sự góp mặt của tần số quét 120Hz mượt mà.\r\n\r\n Mọi kết nối, liên lạc đều liền mạch trong cả ngày dài bởi viên pin siêu ấn tượng đến 5.000mAh. Đây là một trong những viên pin lớn nhất hiện nay, có thể kéo dài thời lượng sử dụng đến 2 ngày. Chính vì vậy khi đồng hành cùng Samsung A55 người dùng sẽ không lắng lo hết pin giữa chừng hay kết nối gián đoạn giữa ngày. Đồng thời, điện thoại có hỗ trợ sạc nhanh 25W để giúp bạn sạc pin nhanh hơn, tiết kiệm thời gian tối ưu.\r\n\r\n Việc tìm kiếm chưa bao giờ dễ dàng và thông minh đến thế. Trên Galaxy A55, nếu bạn đang xem một bức ảnh và muốn tìm kiếm thông tin về một chi tiết xuất hiện trong ảnh, đơn giản bạn chỉ cần khoanh tròn (Circle to search). Ngay lập tức thông tin về chi tiết đó sẽ được tìm kiếm chính xác. Ví dụ ở bức hình dưới, nếu muốn biết chú cún đang đeo kính gì, bạn chỉ cần khoanh tròn vào chiếc kính, tính năng Circle to search sẽ được kích hoạt và trả về cho bạn các kết quả ngay lập tức.', 0, 0),
('SamsungGalaxyM555G', 2, 8, 'Samsung Galaxy M55 5G', 11690000, 34, 200, 'SamSung_Galaxy_M55.jpg', 'Còn hàng', 'Trung Quốc', 'Không chỉ sở hữu kiểu dáng thanh lịch với ngôn ngữ thiết kế trẻ trung, Samsung Galaxy M55 còn ghi điểm nhờ chip xử lý lõi tám mạnh mẽ, camera 50MP chống rung quang học OIS và hỗ trợ sạc siêu nhanh 45W tốc độ cao. Đây là lựa chọn lý tưởng cho những ai kiếm tìm trải nghiệm cao cấp trên một thiết bị có giá bán không quá cao.\r\n\r\nTrọng tâm sức mạnh hiệu năng của Samsung M55 nằm ở con chip Snapdragon 7 Gen 1. Đây là bộ vi xử lý thuộc dòng Snapdragon 7-Series của Qualcomm và được sản xuất trên tiến trình 4nm hiện đại bậc nhất thế giới trong thời điểm này.\r\n\r\n  Snapdragon 7 Gen 1 quy tụ tám lõi CPU với xung nhịp cực đại là 2.4GHz, kết hợp cùng GPU có khả năng kết xuất đồ họa nhanh hơn 20%. Điều này giúp Galaxy M55 chơi game rất mượt mà và phản hồi cực nhanh mọi tác vụ của người dùng. Không chỉ vậy, Snapdragon 7 Gen 1 cũng được trang bị công cụ AI mới nhất và hỗ trợ kết nối 5G với độ trễ cực thấp, cung cấp trải nghiệm ấn tượng trên mọi khía cạnh.\r\n\r\n\n Ngoài việc có được sức mạnh hiệu năng cao cấp, Galaxy M55 còn sở hữu ưu thế vượt trội về thời lượng sử dụng khi mang trong mình viên pin dung lượng “khủng” 5.000 mAh, đáp ứng tốt nhu cầu trải nghiệm hỗn hợp của người dùng xuyên suốt ngày dài. \r\n\r\n Samsung Galaxy M55 5G sẽ chiều lòng những tín đồ nhiếp ảnh khó tính với hệ thống camera cao cấp gồm sự kết hợp của: camera chính 50MP góc rộng, camera góc siêu rộng 8MP và camera macro 2MP chụp siêu cận. Trong đó, camera chính được tích hợp thêm cơ chế chống rung quang học (OIS) chất lượng cao, hỗ trợ quay chụp những khuôn hình sắc nét mà không cần căn chỉnh quá nhiều.\r\n\r\n Ở mặt trước, sản phẩm sở hữu camera selfie 50MP có khả năng quay chụp cực đỉnh, giúp bạn thỏa sức selfie và chia sẻ hình ảnh bản thân qua những bức ảnh, thước phim với độ chi tiết cao và hết sức lung linh.\r\n\r\n Ở mặt trước, sản phẩm sở hữu camera selfie 50MP có khả năng quay chụp cực đỉnh, giúp bạn thỏa sức selfie và chia sẻ hình ảnh bản thân qua những bức ảnh, thước phim với độ chi tiết cao và hết sức lung linh. \r\n\r\n Galaxy M55 5G đạt chứng nhận EAL5+, cơ chế bảo mật Knox Vault độc quyền do Samsung phát triển sẽ đặt mọi dữ liệu cá nhân quan trọng của bạn trong vòng bảo mật. Mọi thông tin như mã PIN, mật khẩu, mẫu hình mở khóa... sẽ được lưu lại trong phần cứng đặc biệt nhằm ngăn ngừa những cuộc tấn công và đánh cắp trái phép. Thêm vào đó, Samsung Galaxy M55 5G còn sử dụng cơ chế bảo mật vân tay với cảm biến nhúng trong màn hình. Chỉ với một cú chạm nhẹ, bạn sẽ nhanh chóng xác minh danh tính và đăng nhập vào màn hình chính, vừa tiện lợi, vừa tối ưu tính bảo mật hiệu quả.\r\n\r\n Về công nghệ âm thanh, điện thoại Samsung Galaxy M55 sử dụng hệ thống loa ngoài hỗ trợ công nghệ Dolby Atmos, tạo nên chất âm đa chiều để người dùng dễ dàng đắm mình vào những tiết tấu của bài hát, thước phim và âm thanh trong game theo cách sống động nhất, chân thật nhất.', 0, 0),
('SamSungGalaxyS25Utral5G', 2, 8, 'Samsung Galaxy S25 Ultra 5G', 33990000, 15, 200, 'SamSung_Galaxy_S25_Utral_5G.jpg', 'Còn hàng', 'Trung Quốc', ' Samsung Galaxy S25 Ultra là chiếc điện thoại cao cấp nhất của nhà Samsung với những tính năng tiên phong dẫn đầu. Smartphone sở hữu thiết kế sang trọng, bền bỉ bởi khung Titan đẳng cấp kết hợp đó là trọn bộ công cụ AI thế hệ mới và Snapdragon 8 Elite for Galaxy mạnh mẽ, đảm bảo hiệu suất vượt trội, khả năng xử lý thông minh và trải nghiệm người dùng đỉnh cao.\r\n\r\n  Samsung Galaxy S25 Ultra khoác lên mình diện mạo đẳng cấp với khung Titan cao cấp, vừa sang trọng vừa bền bỉ. Thế hệ Ultra mới mang đến sự tinh chỉnh trong thiết kế với các góc bo tròn mềm mại, giúp cảm giác cầm nắm thoải mái hơn và đồng bộ với nét đặc trưng của dòng Galaxy S.\r\n\r\n  Galaxy S25 Ultra sở hữu độ mỏng ấn tượng, giảm 15% so với thế hệ trước cho vẻ ngoài tinh tế và gọn nhẹ hơn. Trọng lượng máy cũng được tối ưu, nhẹ hơn 15g so với Galaxy S24 Ultra, chỉ còn 218g, giúp người dùng sử dụng dễ dàng và linh hoạt hơn.\r\n\r\n Samsung Galaxy S25 Ultra mang đến trải nghiệm nhiếp ảnh vượt trội với hệ thống camera đẳng cấp, bao gồm camera góc rộng 200MP siêu sắc nét, camera tele 10MP và 50MP hỗ trợ zoom quang học và kỹ thuật số lên đến 100x, giúp bạn tiếp cận chủ thể ở khoảng cách xa mà vẫn giữ được độ chi tiết ấn tượng. \r\n\r\n Đặc biệt, camera góc siêu rộng được nâng cấp từ 12MP lên 50MP, mang lại những bức ảnh phong cảnh và nhóm với góc nhìn rộng hơn, chi tiết hơn. Không chỉ dừng lại ở khả năng zoom, Galaxy S25 Ultra còn nâng tầm chụp ảnh macro với độ phân giải và vùng sáng cải tiến, giúp ghi lại những chi tiết nhỏ sắc nét gấp 4 lần so với thế hệ trước, đảm bảo chất lượng hình ảnh vượt trội trong mọi điều kiện môi trường.\r\n\r\n Galaxy S25 Ultra trang bị tính năng Lọc âm thanh (Audio Eraser), giúp loại bỏ hoặc giảm thiểu 6 loại tiếng ồn không mong muốn, bao gồm giọng nói, đám đông, gió, âm nhạc, thiên nhiên và tạp âm. Nhờ thuật toán AI tiên tiến, smartphone có khả năng phân tích và xử lý âm thanh theo thời gian thực cho chất lượng ghi âm trong trẻo, rõ ràng, giúp giọng nói trong video trở nên tự nhiên hơn, không bị ảnh hưởng bởi các tạp âm xung quanh.\r\n\r\n Galaxy S25 Ultra được trang bị bộ vi xử lý mạnh mẽ nhất từ trước đến nay của Qualcomm, tùy chỉnh riêng cho Galaxy và sản xuất trên tiến trình 3nm tiên tiến, tăng 37% cho CPU, 30% cho GPU và 40% cho NPU so với thế hệ trước. Nhờ vậy, mọi tác vụ từ xử lý hình ảnh, video đến các thuật toán AI đều trở nên mượt mà, nhanh chóng mà không ảnh hưởng đến hiệu suất tổng thể.\r\n\r\n Galaxy S25 Ultra còn tối ưu khả năng gaming với công nghệ dò tia thời gian thực và cải tiến Vulkan API, có đồ họa sắc nét, ánh sáng chân thực và chuyển động mượt mà. Kết hợp với nền tảng gaming chuyên biệt từ Snapdragon 8 Elite, người dùng có thể tận hưởng những tựa game đỉnh cao mà không lo giật lag. Hệ thống tản nhiệt cũng được nâng cấp với buồng hơi lớn hơn 40% so với Galaxy S24 Ultra, đảm bảo hiệu suất ổn định trong thời gian dài.\r\n\r\n Galaxy S25 Ultra có không gian hiển thị rộng rãi hơn với màn hình siêu mỏng và kích thước nâng cấp từ 6.8 inch lên 6.9 inch. Tấm nền Dynamic AMOLED 2X với độ phân giải QHD+ cho hình ảnh sắc nét, màu sắc sống động và độ chi tiết ấn tượng. Công nghệ tần số quét thích ứng từ 1Hz đến 120Hz giúp màn hình tự động điều chỉnh tốc độ làm tươi theo nội dung hiển thị, tối ưu hiệu suất và tiết kiệm pin hiệu quả.\r\n\r\n Galaxy S25 Ultra được trang bị viên pin 5.000mAh mạnh mẽ, cho phép bạn xem video liên tục lên đến 31 giờ chỉ với một lần sạc. Nhờ công nghệ mDNIe tiên tiến kết hợp với vi xử lý tùy chỉnh và tối ưu hóa phần mềm, thời lượng pin được cải thiện đáng kể, giúp điện thoại hoạt động bền bỉ hơn, đáp ứng nhu cầu sử dụng cả ngày dài mà không lo gián đoạn.', 0, 0),
('sanpham', 1, 1, 'Sản phẩm', 1000000, 20, 200, 'apple.png', 'Còn hàng', 'Trung Quốc', 'Sản phẩm mô tả', 0, 0),
('SSDKingston250GBM.2 NVMe', 3, 13, 'SSD Kingston 250 GB M.2 NVMe', 990000, 10, 12, 'nvme.jpg', 'Còn hàng', 'Trung Quốc', 'Ổ cứng SSD NV2 PCIe 4.0 NVMe của Kingston là một giải pháp lưu trữ toàn diện dành cho bạn. Với bộ điều khiển NVMe Gen 4x4 mới nhất, chiếc SSD này có thể mang đến tốc độ đọc ghi siêu nhanh, trong khi lại tiết kiệm điện năng, chiếm ít không gian và mát hơn.\r\n\r\nSSD Kingston NV2 PCIe 4.0 NVMe sẽ cho phép bạn trải nghiệm hiệu suất lưu trữ hàng đầu trên máy tính của bạn. Nhờ được trang bị bộ điều khiển NVMe PCIe Gen 4x4 mới nhất kết hợp cùng chip nhớ flash NAND tiên tiến, ổ cứng này có thể đạt được tốc độ đọc ghi lần lượt là 3.000MB/s và 1.300MB/s. Như bạn cũng đã biết, ổ cứng nhanh hơn cũng giúp cải thiện hiệu suất cho toàn bộ hệ thống. Vì vậy, SSD NV2 PCIe 4.0 NVMe của Kingston sẽ giúp bạn khởi động máy tính, truy xuất dữ liệu và mở các trò chơi nhanh hơn đáng kể.\r\n\r\nỔ cứng Kingston không có dung lượng lưu trữ lớn, chỉ ở mức 250GB. Vì vậy, SSD Kingston NV2 PCIe 4.0 NVMe sẽ phù hợp nhất với nhiệm vụ chứa hệ điều hành và cài đặt trò chơi/ứng dụng. Đây là một giải pháp tuyệt vời để cải thiện hiệu suất cho chiếc PC, cho phép bạn có thể tận hưởng trải nghiệm chơi game và làm việc hiệu quả hơn nhiều.\r\n\r\nSSD Kingston NV2 PCIe 4.0 NVMe sử dụng định dạng M.2 2280 tiêu chuẩn, do đó bạn có thể thấy nó chỉ có kích thước tương đương với một thanh RAM máy tính thông thường. Điều này đảm bảo chiếc ổ cứng SSD của Kingston có thể lắp đặt trên mọi hệ thống hiện đại, đặc biệt là các hệ thống có không gian hạn chế như mini PC và máy tính xách tay.\r\n\r\nVới việc sử dụng định dạng M.2 2280, bạn chỉ cần cắm SSD Kingston NV2 PCIe 4.0 NVMe vào đúng khe cắm M.2 trên bo mạch chủ để sử dụng ngay lập tức mà không cần lắp đặt cáp như các ổ cứng SATA. Ổ cứng cũng có thể tương thích ngược với các giao thức PCIe cũ hơn và hoạt động với mọi nền tảng hệ điều hành PC.\r\n\r\nThiết kế của SSD Kingston NV2 PCIe 4.0 NVMe không sử dụng bất cứ thành phần cơ học nào bên trong. Chính vì thế, chiếc ổ cứng này có được khả năng chống sốc tuyệt vời, hơn hẳn các ổ cứng HDD truyền thống. Điều đó khiến nó trở thành một linh kiện hoàn hảo cho các máy tính xách tay – những hệ thống có tính linh hoạt cao.', 0, 0),
('SSDKingston480GB', 3, 13, 'SSD Kingston 480 GB', 1099000, 9, 15, 'SSD_480GB.jpg', 'Còn hàng', 'Trung Quốc', ' Với dung lượng cao và tốc độ đọc ghi nhanh hơn, ổ cứng SSD Kingston A400 480GB sẽ cải thiện đáng kể hiệu suất cho hệ thống của bạn. Ngoài ra, sản phẩm cũng có độ tin cậy cao hơn nhiều so với ổ đĩa cơ học truyền thống.\r\n\r\n Như tên gọi, ổ cứng SSD Kingston 480GB cung cấp khoảng 480GB dung lượng bộ nhớ tốc độ cao cho hệ thống đảm bảo đáp ứng tốt nhu cầu sử dụng của người dùng. Với mức dung lượng này, bạn hoàn toàn có thể chia ổ cứng thành nhiều phân vùng khác nhau cho nhiều mục đích sử dụng như chứa hệ điều hành, tải về trò chơi hay lưu trữ ảnh/video cá nhân... Tất cả đều sẽ được đáp ứng tốt bởi A400 480GB.\r\n\r\n Được hỗ trợ bởi bộ điều khiển thế hệ mới nhất, ổ cứng SSD Kingston A400 480GB cho tốc độ đọc và ghi lên đến 500MB/s và 450MB/s. So với các ổ HDD truyền thống, sản phẩm của Kingston nhanh hơn đến 10 lần. Điều này chắc chắn sẽ giúp hệ thống của bạn có được hiệu suất cao hơn, tốc độ phản hồi nhanh hơn và rút ngắn quá trình tải ứng dụng hoặc khởi động.\r\n\r\n Ổ cứng SSD này được chế tạo với bộ nhớ flash. Do đó, linh kiện sẽ không có bộ phận chuyển động như các ổ cứng HDD truyền thống. Trong quá trình sử dụng hằng ngày, ổ cứng sẽ ít có nguy cơ hỏng hóc hơn để bảo vệ an toàn dữ liệu cho người dùng nhờ khả năng chống sốc và chống va đập tuyệt vời.\r\n\r\nỔ cứng SSD Kingston 480GB có định dạng 2,5 inch. Chính vì thế, sản phẩm rất nhỏ gọn và phù hợp để lắp đặt trong cả máy tính xách tay và máy tính để bàn. Đáng chú ý, ổ cứng có độ mỏng chỉ 7mm nên nó thậm chí còn lắp vừa trong các hệ thống siêu nhỏ gọn như Ultrabook. Điều này chắc chắn sẽ giúp cho việc nâng cấp phần cứng của người dùng trở nên đơn giản hơn bao giờ hết.\r\n\r\n Do không sử dụng các thành phần cơ học nên ổ cứng SSD Kingston A400 480GB sẽ hoạt động mát hơn, êm hơn và tiết kiệm điện hơn.  Cùng với khả năng chống sốc và chống va đập tuyệt vời khiến sản phẩm này trở nên lý tưởng cho máy tính xách tay và các thiết bị điện toán di động khác để cung cấp không gian cần thiết cho các ứng dụng, video, ảnh và các tài liệu quan trọng khác.', 0, 0),
('Xiaomi14TPro5G', 2, 10, 'Xiaomi 14T Pro 5G', 17990000, 17, 200, 'Xiaomi_14T_Pro_5G.jpg', 'Còn hàng', 'Trung Quốc', ' Xiaomi 14T Pro không chỉ nổi bật với sự hợp tác giữa thương hiệu và Leica tạo nên một chiếc smartphone hàng đầu về nhiếp ảnh mà còn có hiệu suất mạnh mẽ bậc nhất trong phân khúc. Điện thoại thể hiện sự toàn diện khi cung cấp trải nghiệm nghe nhìn ấn tượng và khả năng vận hành bền bỉ.\r\n\r\n Thấu kính quang học Leica Summilux xuất hiện trên Xiaomi 14T Pro với khẩu độ lớn và hiệu suất quang học hàng đầu, giúp bạn ghi lại những chi tiết tuyệt đẹp dù chụp ở môi trường ánh sáng yếu. Bên cạnh đó, thấu kính này còn xử lý hình ảnh ấn tượng khi có khả năng tái tạo màu sắc và độ tương phản cao.\r\n\r\n Với việc sử dụng cảm biến Light Fusion 900 - cảm biến hình ảnh được tùy chỉnh dành riêng cho Xiaomi với kích thước 1/1,31\", Xiaomi 14T Pro sẽ thay bạn ghi lại những chi tiết rõ nét đến không ngờ dù chụp ở điều kiện sáng hay những buổi đêm mờ ảo. Cảm biến này có dải động cao 13,5EV ở mức điện ảnh và độ sâu màu 14 bit, từ đó đảm bảo khả năng tái tạo hình ảnh xuất sắc.\r\n\r\n Xiaomi 14T Pro sử dụng bộ xử lý Dimensity 9300+ với CPU 8 lõi, GPU 12 lõi mạnh mẽ nhất của ARM và tích hợp AI tạo sinh hàng đầu, nhờ đó hiệu năng đa lõi của máy cao hơn 37% và hiệu suất đỉnh cao hơn 44% so với thế hệ chipset trước. Hiệu năng của máy sẽ giúp người dùng có những trải nghiệm tốt nhất, dù là chơi game hay tác vụ cơ bản, máy vẫn vận hành với hình ảnh mượt mà và trơn tru. \r\n\r\n Xiaomi đã kết hợp các vật liệu phát sáng tùy biến mới để tạo nên màn hình Xiaomi 14T Pro mạnh mẽ và sống động hơn. Màn hình phẳng 6.67 inch với viền siêu mỏng, độ phân giải 1.5K được hỗ trợ Dolby Vision và HDR10+ sẽ giúp chất lượng hiển thị tốt bậc nhất trong ngành. Bên cạnh đó, tần số quét tối đa lên đến 144Hz cho phép người dùng sử dụng với các thao tác mượt mà, vuốt cuộn sắc nét và không độ trễ khi chơi game. \r\n\r\n Xiaomi 14T Pro sở hữu viên pin 5000mAh cung cấp thời lượng pin gần 16 giờ sử dụng liên tục, người dùng vẫn có thể sử dụng trong vài năm khi viên pin vẫn đảm bảo ở mức 80% sau 1600 lần sạc.\r\n\r\n Chỉ với 19 phút nạp năng lượng, bạn sẽ có ngay 100% pin sử dụng cho cả ngày dài khi 14T Pro hỗ trợ sạc tăng cường có dây 120W. Bên cạnh đó, thiết bị cũng hỗ trợ sạc không dây lên đến 50W và dự kiến nạp đầy 100% chỉ trong 45 phút. Việc trang bị chipset Xiaomi Surge P2 cũng sẽ giúp tối ưu hiệu suất sạc và mức tiêu thụ năng lượng cũng được giảm thiểu đáng kể.', 0, 0);

-- --------------------------------------------------------

--
-- Table structure for table `tbl_shipping`
--

DROP TABLE IF EXISTS `tbl_shipping`;
CREATE TABLE IF NOT EXISTS `tbl_shipping` (
  `MaShip` int(10) NOT NULL AUTO_INCREMENT,
  `TenShip` varchar(30) COLLATE utf8_unicode_ci NOT NULL,
  `ChiPhi` double NOT NULL,
  `PhuPhiSP` double NOT NULL DEFAULT '0',
  `SoNgayDK` int(2) NOT NULL,
  PRIMARY KEY (`MaShip`)
) ENGINE=InnoDB AUTO_INCREMENT=4 DEFAULT CHARSET=utf8 COLLATE=utf8_unicode_ci;

--
-- RELATIONSHIPS FOR TABLE `tbl_shipping`:
--

--
-- Dumping data for table `tbl_shipping`
--

INSERT INTO `tbl_shipping` (`MaShip`, `TenShip`, `ChiPhi`, `PhuPhiSP`, `SoNgayDK`) VALUES
(1, 'Thường', 30000, 0, 7),
(2, 'Nhanh', 40000, 5000, 4),
(3, 'Siêu tốc', 50000, 10000, 2);

-- --------------------------------------------------------

--
-- Table structure for table `tbl_thanhtoan`
--

DROP TABLE IF EXISTS `tbl_thanhtoan`;
CREATE TABLE IF NOT EXISTS `tbl_thanhtoan` (
  `ID` int(10) NOT NULL AUTO_INCREMENT,
  `User_id` int(10) NOT NULL,
  `MaDH` varchar(10) COLLATE utf8_unicode_ci DEFAULT NULL,
  `NgayTT` datetime NOT NULL,
  `SoTienTT` int(11) NOT NULL,
  `HinhAnh` varchar(255) COLLATE utf8_unicode_ci NOT NULL,
  `XacThuc` enum('Đã xác thực','Chưa xác thực','Không hợp lệ','') COLLATE utf8_unicode_ci NOT NULL DEFAULT 'Chưa xác thực',
  PRIMARY KEY (`ID`),
  KEY `FK_THANHTOAN_NGUOIDUNG` (`User_id`),
  KEY `FK_THANHTOAN_DONHANG` (`MaDH`)
) ENGINE=InnoDB AUTO_INCREMENT=5 DEFAULT CHARSET=utf8 COLLATE=utf8_unicode_ci;

--
-- RELATIONSHIPS FOR TABLE `tbl_thanhtoan`:
--   `MaDH`
--       `tbl_donhang` -> `MaDH`
--   `User_id`
--       `tbl_nguoidung` -> `ID`
--

--
-- Dumping data for table `tbl_thanhtoan`
--

INSERT INTO `tbl_thanhtoan` (`ID`, `User_id`, `MaDH`, `NgayTT`, `SoTienTT`, `HinhAnh`, `XacThuc`) VALUES
(1, 4, 'iqBchqH0yx', '2025-05-13 13:19:33', 10000000, '9d4707bfe012524c0b03.jpg', 'Đã xác thực'),
(2, 4, 'NkBWtdrUFn', '2025-05-13 13:20:07', 32134650, 'ester-garrido-mercydreams-deco-background-rs.jpg', 'Đã xác thực'),
(3, 4, '75p9KseGZM', '2025-05-13 13:20:34', 500000, 'user.png', 'Không hợp lệ'),
(4, 4, NULL, '2025-05-13 14:44:41', 1000000, 'thanhtoan.jpg', 'Chưa xác thực');

-- --------------------------------------------------------

--
-- Table structure for table `tbl_thuonghieu`
--

DROP TABLE IF EXISTS `tbl_thuonghieu`;
CREATE TABLE IF NOT EXISTS `tbl_thuonghieu` (
  `MaTH` int(10) NOT NULL AUTO_INCREMENT,
  `TenThuongHieu` varchar(30) COLLATE utf8_unicode_ci NOT NULL,
  `GhiChu` varchar(200) COLLATE utf8_unicode_ci DEFAULT NULL,
  PRIMARY KEY (`MaTH`),
  UNIQUE KEY `TenThuongHieu` (`TenThuongHieu`)
) ENGINE=InnoDB AUTO_INCREMENT=20 DEFAULT CHARSET=utf8 COLLATE=utf8_unicode_ci;

--
-- RELATIONSHIPS FOR TABLE `tbl_thuonghieu`:
--

--
-- Dumping data for table `tbl_thuonghieu`
--

INSERT INTO `tbl_thuonghieu` (`MaTH`, `TenThuongHieu`, `GhiChu`) VALUES
(1, 'Acer', ''),
(2, 'Asus', NULL),
(3, 'HP', NULL),
(4, 'Lenovo', NULL),
(5, 'MSI', NULL),
(6, 'Apple', NULL),
(7, 'Dell', NULL),
(8, 'Samsung', NULL),
(9, 'OPPO', NULL),
(10, 'Xiaomi', NULL),
(11, 'Brother', ''),
(12, 'Canon', ''),
(13, 'Kingston', 'SSD'),
(14, 'GSkill', ''),
(15, 'Logitech', ''),
(16, 'AMD', ''),
(17, 'Rapoo', ''),
(18, 'Icore', ''),
(19, 'Lexar', '');

--
-- Constraints for dumped tables
--

--
-- Constraints for table `tbl_donhang`
--
ALTER TABLE `tbl_donhang`
  ADD CONSTRAINT `FK_DONHANG_KHACHHANG` FOREIGN KEY (`User_id`) REFERENCES `tbl_nguoidung` (`ID`),
  ADD CONSTRAINT `FK_DONHANG_KHUYENMAI` FOREIGN KEY (`CodeKM`) REFERENCES `tbl_phieukhuyenmai` (`Code`) ON DELETE SET NULL ON UPDATE SET NULL,
  ADD CONSTRAINT `FK_DONHANG_SANPHAM` FOREIGN KEY (`MaSP`) REFERENCES `tbl_sanpham` (`MaSP`) ON DELETE SET NULL ON UPDATE SET NULL,
  ADD CONSTRAINT `FK_DONHANG_SHIP` FOREIGN KEY (`MaShip`) REFERENCES `tbl_shipping` (`MaShip`);

--
-- Constraints for table `tbl_giohang`
--
ALTER TABLE `tbl_giohang`
  ADD CONSTRAINT `FK_GIOHANG_NGUOIDUNG` FOREIGN KEY (`User_id`) REFERENCES `tbl_nguoidung` (`ID`) ON DELETE CASCADE,
  ADD CONSTRAINT `FK_GIOHANG_SANPHAM` FOREIGN KEY (`MaSP`) REFERENCES `tbl_sanpham` (`MaSP`) ON DELETE CASCADE ON UPDATE CASCADE;

--
-- Constraints for table `tbl_sanpham`
--
ALTER TABLE `tbl_sanpham`
  ADD CONSTRAINT `FK_SANPHAM_LOAISP` FOREIGN KEY (`MaLoai`) REFERENCES `tbl_loaisanpham` (`MaLoai`) ON DELETE CASCADE,
  ADD CONSTRAINT `FK_SANPHAM_THUONGHIEU` FOREIGN KEY (`MaTH`) REFERENCES `tbl_thuonghieu` (`MaTH`) ON DELETE SET NULL ON UPDATE SET NULL;

--
-- Constraints for table `tbl_thanhtoan`
--
ALTER TABLE `tbl_thanhtoan`
  ADD CONSTRAINT `FK_THANHTOAN_DONHANG` FOREIGN KEY (`MaDH`) REFERENCES `tbl_donhang` (`MaDH`) ON DELETE SET NULL ON UPDATE SET NULL,
  ADD CONSTRAINT `FK_THANHTOAN_NGUOIDUNG` FOREIGN KEY (`User_id`) REFERENCES `tbl_nguoidung` (`ID`);
COMMIT;

/*!40101 SET CHARACTER_SET_CLIENT=@OLD_CHARACTER_SET_CLIENT */;
/*!40101 SET CHARACTER_SET_RESULTS=@OLD_CHARACTER_SET_RESULTS */;
/*!40101 SET COLLATION_CONNECTION=@OLD_COLLATION_CONNECTION */;
